<DATE>	<TIME>	<OPEN>	<HIGH>	<LOW>	<CLOSE>	<TICKVOL>	<VOL>	<SPREAD>
2025.12.29	00:00:00	4527.210	4528.013	4520.268	4524.784	1247	0	160
2025.12.29	00:01:00	4524.773	4525.081	4520.438	4520.438	808	0	160
2025.12.29	00:02:00	4520.408	4521.349	4514.441	4520.626	1825	0	160
2025.12.29	00:03:00	4520.604	4522.243	4518.179	4519.076	945	0	160
2025.12.29	00:04:00	4519.049	4520.226	4517.061	4520.217	798	0	160
2025.12.29	00:05:00	4520.257	4523.005	4519.373	4521.593	627	0	160
2025.12.29	00:06:00	4521.530	4525.653	4521.506	4525.271	553	0	160
2025.12.29	00:07:00	4525.301	4525.422	4522.202	4522.367	380	0	160
2025.12.29	00:08:00	4522.331	4524.707	4521.783	4523.701	463	0	160
2025.12.29	00:09:00	4523.758	4523.943	4522.388	4523.414	422	0	160
2025.12.29	00:10:00	4523.276	4524.181	4521.982	4523.229	434	0	160
2025.12.29	00:11:00	4523.277	4526.216	4522.445	4526.087	397	0	160
2025.12.29	00:12:00	4526.019	4526.444	4524.668	4525.000	330	0	160
2025.12.29	00:13:00	4525.032	4525.348	4523.262	4523.837	385	0	160
2025.12.29	00:14:00	4523.805	4524.372	4522.314	4524.076	328	0	160
2025.12.29	00:15:00	4524.025	4524.069	4520.597	4520.782	393	0	160
2025.12.29	00:16:00	4520.832	4521.981	4518.891	4519.389	545	0	160
2025.12.29	00:17:00	4519.342	4521.058	4515.366	4515.690	652	0	160
2025.12.29	00:18:00	4515.739	4517.697	4512.087	4512.479	1066	0	160
2025.12.29	00:19:00	4512.457	4514.332	4510.620	4510.761	1002	0	160
2025.12.29	00:20:00	4510.718	4512.281	4504.088	4508.104	1610	0	160
2025.12.29	00:21:00	4508.062	4510.558	4503.257	4505.515	1814	0	160
2025.12.29	00:22:00	4505.549	4509.279	4496.910	4497.763	3947	0	160
2025.12.29	00:23:00	4497.642	4501.387	4494.242	4495.504	3208	0	160
2025.12.29	00:24:00	4495.480	4501.031	4494.033	4494.078	1853	0	160
2025.12.29	00:25:00	4494.048	4496.873	4493.272	4494.640	1244	0	160
2025.12.29	00:26:00	4494.602	4495.375	4485.521	4488.509	1718	0	160
2025.12.29	00:27:00	4488.579	4490.307	4482.669	4488.776	1895	0	160
2025.12.29	00:28:00	4488.827	4491.397	4483.177	4484.705	1645	0	160
2025.12.29	00:29:00	4484.742	4487.749	4482.529	4487.214	1224	0	160
2025.12.29	00:30:00	4487.183	4487.644	4472.314	4481.012	2042	0	160
2025.12.29	00:31:00	4480.970	4485.848	4480.680	4483.788	1584	0	160
2025.12.29	00:32:00	4483.817	4491.164	4481.755	4487.865	1375	0	160
2025.12.29	00:33:00	4487.836	4493.758	4486.486	4493.408	1320	0	160
2025.12.29	00:34:00	4493.372	4497.378	4492.238	4497.172	1178	0	160
2025.12.29	00:35:00	4497.099	4500.712	4494.558	4497.600	959	0	160
2025.12.29	00:36:00	4497.658	4501.727	4497.658	4501.220	642	0	160
2025.12.29	00:37:00	4501.312	4502.522	4499.691	4502.005	439	0	160
2025.12.29	00:38:00	4502.070	4502.234	4493.080	4494.102	975	0	160
2025.12.29	00:39:00	4494.150	4495.832	4492.147	4495.647	717	0	160
2025.12.29	00:40:00	4495.674	4503.304	4494.648	4502.478	629	0	160
2025.12.29	00:41:00	4502.437	4503.119	4500.654	4501.818	439	0	160
2025.12.29	00:42:00	4501.855	4501.855	4499.743	4501.513	427	0	160
2025.12.29	00:43:00	4501.463	4501.510	4494.777	4495.249	861	0	160
2025.12.29	00:44:00	4495.283	4496.755	4486.739	4489.787	1160	0	160
2025.12.29	00:45:00	4489.747	4497.788	4489.479	4497.437	1104	0	160
2025.12.29	00:46:00	4497.381	4497.748	4494.925	4494.925	615	0	160
2025.12.29	00:47:00	4494.876	4499.821	4493.545	4498.994	649	0	160
2025.12.29	00:48:00	4498.972	4504.655	4497.880	4504.547	701	0	160
2025.12.29	00:49:00	4504.488	4506.749	4502.951	4503.883	744	0	160
2025.12.29	00:50:00	4503.851	4505.555	4502.154	4503.400	549	0	160
2025.12.29	00:51:00	4503.283	4504.653	4498.962	4499.500	589	0	160
2025.12.29	00:52:00	4499.454	4501.268	4496.434	4500.771	540	0	160
2025.12.29	00:53:00	4500.817	4501.267	4498.237	4500.333	347	0	160
2025.12.29	00:54:00	4500.286	4500.501	4499.275	4499.686	332	0	160
2025.12.29	00:55:00	4499.640	4500.379	4497.239	4497.303	309	0	160
2025.12.29	00:56:00	4497.259	4501.616	4496.363	4501.334	555	0	160
2025.12.29	00:57:00	4501.258	4501.361	4498.440	4499.249	502	0	160
2025.12.29	00:58:00	4499.264	4501.903	4498.411	4501.366	306	0	160
2025.12.29	00:59:00	4501.341	4502.043	4497.142	4497.406	512	0	160
2025.12.29	01:00:00	4497.460	4498.815	4492.931	4493.932	1794	0	160
2025.12.29	01:01:00	4493.907	4502.189	4493.907	4499.316	1388	0	160
2025.12.29	01:02:00	4499.276	4505.245	4498.124	4501.317	1365	0	160
2025.12.29	01:03:00	4501.286	4507.935	4501.101	4503.921	1447	0	160
2025.12.29	01:04:00	4503.886	4506.469	4502.487	4504.704	1058	0	160
2025.12.29	01:05:00	4504.752	4505.623	4502.797	4504.913	751	0	160
2025.12.29	01:06:00	4504.881	4507.770	4504.012	4505.715	688	0	160
2025.12.29	01:07:00	4505.752	4507.836	4505.348	4505.896	730	0	160
2025.12.29	01:08:00	4505.930	4508.969	4505.930	4508.421	804	0	160
2025.12.29	01:09:00	4508.463	4510.480	4506.382	4507.691	778	0	160
2025.12.29	01:10:00	4507.669	4511.526	4507.149	4511.367	880	0	160
2025.12.29	01:11:00	4511.289	4512.834	4509.354	4510.499	666	0	160
2025.12.29	01:12:00	4510.468	4511.560	4507.013	4511.089	831	0	160
2025.12.29	01:13:00	4511.039	4514.792	4510.591	4513.167	613	0	160
2025.12.29	01:14:00	4513.129	4513.398	4511.139	4512.344	706	0	160
2025.12.29	01:15:00	4512.268	4515.468	4512.165	4514.849	574	0	160
2025.12.29	01:16:00	4514.799	4517.496	4513.809	4516.251	727	0	160
2025.12.29	01:17:00	4516.186	4516.720	4512.616	4512.768	618	0	160
2025.12.29	01:18:00	4512.734	4515.385	4512.734	4513.677	815	0	160
2025.12.29	01:19:00	4513.712	4513.970	4508.585	4510.069	881	0	160
2025.12.29	01:20:00	4510.114	4513.786	4510.114	4512.240	582	0	160
2025.12.29	01:21:00	4512.277	4513.957	4511.250	4512.498	583	0	160
2025.12.29	01:22:00	4512.528	4512.702	4509.579	4511.330	539	0	160
2025.12.29	01:23:00	4511.358	4512.098	4508.485	4509.079	512	0	160
2025.12.29	01:24:00	4509.136	4509.810	4506.610	4507.981	457	0	160
2025.12.29	01:25:00	4507.900	4507.915	4502.795	4503.311	637	0	160
2025.12.29	01:26:00	4503.290	4504.905	4499.417	4500.627	742	0	160
2025.12.29	01:27:00	4500.639	4500.639	4496.640	4497.698	927	0	160
2025.12.29	01:28:00	4497.723	4498.461	4495.979	4497.403	810	0	160
2025.12.29	01:29:00	4497.433	4500.273	4496.498	4499.605	626	0	160
2025.12.29	01:30:00	4499.650	4502.399	4497.656	4501.687	734	0	160
2025.12.29	01:31:00	4501.731	4504.032	4501.180	4501.616	813	0	160
2025.12.29	01:32:00	4501.659	4503.037	4496.572	4497.217	667	0	160
2025.12.29	01:33:00	4497.241	4501.047	4497.141	4497.435	591	0	160
2025.12.29	01:34:00	4497.398	4502.229	4496.367	4502.190	623	0	160
2025.12.29	01:35:00	4502.131	4507.822	4502.046	4503.856	715	0	160
2025.12.29	01:36:00	4503.904	4506.452	4502.843	4505.105	605	0	160
2025.12.29	01:37:00	4505.073	4505.073	4499.545	4501.151	821	0	160
2025.12.29	01:38:00	4501.199	4503.671	4499.383	4501.961	756	0	160
2025.12.29	01:39:00	4501.990	4503.021	4498.973	4499.061	905	0	160
2025.12.29	01:40:00	4499.114	4500.509	4497.411	4498.706	828	0	160
2025.12.29	01:41:00	4498.731	4499.295	4493.405	4494.575	754	0	160
2025.12.29	01:42:00	4494.627	4496.056	4493.311	4493.752	532	0	160
2025.12.29	01:43:00	4493.777	4497.009	4492.212	4496.337	573	0	160
2025.12.29	01:44:00	4496.377	4501.939	4496.377	4501.669	411	0	160
2025.12.29	01:45:00	4501.631	4501.631	4498.988	4499.499	433	0	160
2025.12.29	01:46:00	4499.463	4502.337	4498.723	4500.760	464	0	160
2025.12.29	01:47:00	4500.791	4501.731	4499.322	4500.943	326	0	160
2025.12.29	01:48:00	4500.902	4506.079	4500.468	4504.678	570	0	160
2025.12.29	01:49:00	4504.636	4505.914	4502.993	4504.779	383	0	160
2025.12.29	01:50:00	4504.788	4505.212	4502.054	4504.553	400	0	160
2025.12.29	01:51:00	4504.509	4506.343	4503.871	4504.869	360	0	160
2025.12.29	01:52:00	4504.915	4506.772	4504.862	4505.763	283	0	160
2025.12.29	01:53:00	4505.737	4505.969	4502.711	4502.737	524	0	160
2025.12.29	01:54:00	4502.708	4503.283	4497.615	4501.192	596	0	160
2025.12.29	01:55:00	4501.150	4501.679	4496.875	4497.316	427	0	160
2025.12.29	01:56:00	4497.383	4499.385	4497.383	4497.980	558	0	160
2025.12.29	01:57:00	4498.027	4498.553	4495.115	4495.586	455	0	160
2025.12.29	01:58:00	4495.630	4498.156	4495.088	4497.133	495	0	160
2025.12.29	01:59:00	4497.214	4498.745	4496.638	4497.163	437	0	160
2025.12.29	02:00:00	4497.131	4503.100	4496.412	4501.896	633	0	160
2025.12.29	02:01:00	4502.017	4505.912	4501.865	4504.482	736	0	160
2025.12.29	02:02:00	4504.516	4506.004	4502.987	4504.410	511	0	160
2025.12.29	02:03:00	4504.456	4508.668	4503.824	4508.539	434	0	160
2025.12.29	02:04:00	4508.560	4509.009	4507.860	4508.396	284	0	160
2025.12.29	02:05:00	4508.334	4508.579	4507.137	4507.782	296	0	160
2025.12.29	02:06:00	4507.712	4508.935	4506.785	4507.345	296	0	160
2025.12.29	02:07:00	4507.242	4508.082	4506.083	4506.599	251	0	160
2025.12.29	02:08:00	4506.623	4507.757	4505.656	4507.544	440	0	160
2025.12.29	02:09:00	4507.473	4508.635	4506.950	4507.953	805	0	160
2025.12.29	02:10:00	4508.007	4508.164	4505.351	4505.882	500	0	160
2025.12.29	02:11:00	4505.840	4506.229	4503.733	4504.343	655	0	160
2025.12.29	02:12:00	4504.375	4507.221	4503.314	4506.641	667	0	160
2025.12.29	02:13:00	4506.688	4508.096	4506.367	4506.664	414	0	160
2025.12.29	02:14:00	4506.696	4507.807	4505.969	4507.177	350	0	160
2025.12.29	02:15:00	4507.223	4507.683	4505.519	4506.114	308	0	160
2025.12.29	02:16:00	4506.146	4506.146	4504.415	4504.491	346	0	160
2025.12.29	02:17:00	4504.440	4506.477	4504.229	4506.063	229	0	160
2025.12.29	02:18:00	4506.103	4506.799	4504.966	4505.373	234	0	160
2025.12.29	02:19:00	4505.372	4506.957	4504.508	4506.676	286	0	160
2025.12.29	02:20:00	4506.643	4510.649	4506.643	4509.978	353	0	160
2025.12.29	02:21:00	4509.940	4511.214	4509.772	4510.921	234	0	160
2025.12.29	02:22:00	4510.948	4511.103	4510.100	4510.969	165	0	160
2025.12.29	02:23:00	4510.989	4512.140	4509.701	4510.467	221	0	160
2025.12.29	02:24:00	4510.347	4511.148	4509.859	4510.550	236	0	160
2025.12.29	02:25:00	4510.448	4511.266	4509.910	4510.773	221	0	160
2025.12.29	02:26:00	4510.815	4512.584	4510.749	4512.368	187	0	160
2025.12.29	02:27:00	4512.374	4514.007	4512.374	4512.991	234	0	160
2025.12.29	02:28:00	4513.043	4513.483	4512.200	4513.179	222	0	160
2025.12.29	02:29:00	4513.123	4513.433	4512.127	4512.581	159	0	160
2025.12.29	02:30:00	4512.509	4514.091	4510.988	4511.094	472	0	160
2025.12.29	02:31:00	4511.136	4511.321	4509.700	4510.574	371	0	160
2025.12.29	02:32:00	4510.528	4514.582	4510.224	4514.178	374	0	160
2025.12.29	02:33:00	4514.142	4515.529	4512.615	4512.615	368	0	160
2025.12.29	02:34:00	4512.673	4513.918	4512.002	4513.881	290	0	160
2025.12.29	02:35:00	4513.867	4514.179	4510.878	4510.878	322	0	160
2025.12.29	02:36:00	4510.924	4512.108	4509.881	4510.222	329	0	160
2025.12.29	02:37:00	4510.283	4510.464	4508.836	4509.595	296	0	160
2025.12.29	02:38:00	4509.548	4510.478	4508.864	4510.113	371	0	160
2025.12.29	02:39:00	4510.072	4511.020	4509.086	4509.193	424	0	160
2025.12.29	02:40:00	4509.162	4511.837	4508.855	4511.704	347	0	160
2025.12.29	02:41:00	4511.738	4512.801	4511.545	4512.713	218	0	160
2025.12.29	02:42:00	4512.712	4513.194	4511.103	4511.755	326	0	160
2025.12.29	02:43:00	4511.787	4512.892	4511.089	4512.731	262	0	160
2025.12.29	02:44:00	4512.689	4512.755	4511.640	4511.640	140	0	160
2025.12.29	02:45:00	4511.715	4515.266	4511.715	4514.493	393	0	160
2025.12.29	02:46:00	4514.446	4515.774	4514.258	4515.365	284	0	160
2025.12.29	02:47:00	4515.410	4515.794	4514.161	4515.050	355	0	160
2025.12.29	02:48:00	4515.019	4515.459	4513.328	4513.401	281	0	160
2025.12.29	02:49:00	4513.405	4514.535	4512.962	4513.654	206	0	160
2025.12.29	02:50:00	4513.638	4513.638	4512.459	4513.455	287	0	160
2025.12.29	02:51:00	4513.339	4514.239	4513.057	4513.567	138	0	160
2025.12.29	02:52:00	4513.564	4514.149	4513.182	4513.361	156	0	160
2025.12.29	02:53:00	4513.331	4513.331	4510.386	4511.397	310	0	160
2025.12.29	02:54:00	4511.349	4512.903	4510.587	4512.580	276	0	160
2025.12.29	02:55:00	4512.586	4514.593	4511.958	4513.709	268	0	160
2025.12.29	02:56:00	4513.755	4514.579	4511.350	4511.403	280	0	160
2025.12.29	02:57:00	4511.294	4511.294	4509.359	4509.714	350	0	160
2025.12.29	02:58:00	4509.765	4511.784	4509.572	4511.783	256	0	160
2025.12.29	02:59:00	4511.707	4512.788	4511.204	4512.367	354	0	160
2025.12.29	03:00:00	4512.321	4513.393	4512.206	4512.777	239	0	160
2025.12.29	03:01:00	4512.818	4513.240	4512.227	4512.805	231	0	160
2025.12.29	03:02:00	4512.839	4513.000	4510.537	4510.590	207	0	160
2025.12.29	03:03:00	4510.650	4510.741	4509.462	4509.899	173	0	160
2025.12.29	03:04:00	4509.842	4511.844	4509.696	4511.747	246	0	160
2025.12.29	03:05:00	4511.747	4514.045	4511.311	4513.784	439	0	160
2025.12.29	03:06:00	4513.804	4516.056	4513.483	4516.032	717	0	160
2025.12.29	03:07:00	4516.060	4517.177	4515.348	4516.415	725	0	160
2025.12.29	03:08:00	4516.424	4518.802	4516.412	4518.494	470	0	160
2025.12.29	03:09:00	4518.583	4518.850	4517.010	4517.120	276	0	160
2025.12.29	03:10:00	4517.022	4517.199	4515.933	4516.179	279	0	160
2025.12.29	03:11:00	4516.228	4518.217	4516.183	4517.796	320	0	160
2025.12.29	03:12:00	4517.689	4518.050	4515.984	4516.558	339	0	160
2025.12.29	03:13:00	4516.527	4517.876	4516.358	4517.151	463	0	160
2025.12.29	03:14:00	4517.164	4517.164	4514.603	4515.362	348	0	160
2025.12.29	03:15:00	4515.324	4516.302	4514.549	4515.091	321	0	160
2025.12.29	03:16:00	4515.166	4515.699	4513.998	4514.512	254	0	160
2025.12.29	03:17:00	4514.489	4515.291	4513.901	4514.820	310	0	160
2025.12.29	03:18:00	4514.854	4515.958	4514.162	4515.639	278	0	160
2025.12.29	03:19:00	4515.577	4516.789	4515.208	4515.417	225	0	160
2025.12.29	03:20:00	4515.413	4515.413	4514.231	4514.642	293	0	160
2025.12.29	03:21:00	4514.637	4516.960	4514.218	4516.684	382	0	160
2025.12.29	03:22:00	4516.680	4516.975	4515.043	4515.196	381	0	160
2025.12.29	03:23:00	4515.241	4517.417	4515.040	4517.036	387	0	160
2025.12.29	03:24:00	4517.083	4517.823	4516.153	4516.309	399	0	160
2025.12.29	03:25:00	4516.267	4516.830	4515.227	4515.697	285	0	160
2025.12.29	03:26:00	4515.647	4518.346	4515.610	4516.378	548	0	160
2025.12.29	03:27:00	4516.327	4516.743	4515.357	4515.980	268	0	160
2025.12.29	03:28:00	4515.969	4515.969	4512.202	4512.489	634	0	160
2025.12.29	03:29:00	4512.534	4513.313	4512.226	4512.800	366	0	160
2025.12.29	03:30:00	4512.833	4515.070	4512.833	4514.554	295	0	160
2025.12.29	03:31:00	4514.589	4515.907	4514.126	4515.907	227	0	160
2025.12.29	03:32:00	4515.804	4515.947	4514.500	4515.522	350	0	160
2025.12.29	03:33:00	4515.528	4516.040	4514.637	4515.964	235	0	160
2025.12.29	03:34:00	4515.891	4518.421	4515.708	4518.099	405	0	160
2025.12.29	03:35:00	4518.143	4520.608	4516.579	4516.622	451	0	160
2025.12.29	03:36:00	4516.592	4517.098	4515.839	4516.122	315	0	160
2025.12.29	03:37:00	4516.156	4516.548	4515.753	4516.066	170	0	160
2025.12.29	03:38:00	4516.041	4517.691	4515.687	4516.428	231	0	160
2025.12.29	03:39:00	4516.396	4516.800	4515.554	4515.977	195	0	160
2025.12.29	03:40:00	4515.987	4516.148	4514.541	4514.928	222	0	160
2025.12.29	03:41:00	4514.820	4515.207	4513.952	4515.068	260	0	160
2025.12.29	03:42:00	4515.059	4515.357	4514.066	4514.197	213	0	160
2025.12.29	03:43:00	4514.170	4515.834	4514.136	4515.798	206	0	160
2025.12.29	03:44:00	4515.762	4517.780	4515.691	4516.550	172	0	160
2025.12.29	03:45:00	4516.539	4516.964	4515.562	4515.814	162	0	160
2025.12.29	03:46:00	4515.773	4516.993	4515.079	4516.868	209	0	160
2025.12.29	03:47:00	4516.816	4517.505	4516.555	4516.705	147	0	160
2025.12.29	03:48:00	4516.698	4517.128	4516.193	4516.719	118	0	160
2025.12.29	03:49:00	4516.752	4516.966	4515.459	4516.022	164	0	160
2025.12.29	03:50:00	4515.977	4516.002	4513.732	4513.961	233	0	160
2025.12.29	03:51:00	4513.920	4514.694	4513.557	4514.179	234	0	160
2025.12.29	03:52:00	4514.137	4514.672	4513.805	4513.942	173	0	160
2025.12.29	03:53:00	4513.994	4515.046	4513.842	4514.848	111	0	160
2025.12.29	03:54:00	4514.843	4515.509	4514.504	4514.925	163	0	160
2025.12.29	03:55:00	4514.937	4515.696	4514.866	4514.974	167	0	160
2025.12.29	03:56:00	4514.973	4515.265	4513.775	4514.220	278	0	160
2025.12.29	03:57:00	4514.175	4515.893	4514.043	4515.433	268	0	160
2025.12.29	03:58:00	4515.413	4516.319	4515.413	4516.319	105	0	160
2025.12.29	03:59:00	4516.325	4516.528	4516.153	4516.325	98	0	160
2025.12.29	04:00:00	4516.340	4516.909	4515.166	4515.470	217	0	160
2025.12.29	04:01:00	4515.367	4516.370	4514.844	4516.110	151	0	160
2025.12.29	04:02:00	4516.095	4516.204	4515.235	4515.572	99	0	160
2025.12.29	04:03:00	4515.520	4515.848	4513.733	4514.592	336	0	160
2025.12.29	04:04:00	4514.629	4515.743	4514.078	4515.383	268	0	160
2025.12.29	04:05:00	4515.383	4515.671	4514.432	4514.432	177	0	160
2025.12.29	04:06:00	4514.400	4514.400	4509.828	4511.141	440	0	160
2025.12.29	04:07:00	4511.084	4513.375	4510.580	4511.734	395	0	160
2025.12.29	04:08:00	4511.687	4511.753	4509.665	4510.393	381	0	160
2025.12.29	04:09:00	4510.347	4510.570	4509.215	4509.552	371	0	160
2025.12.29	04:10:00	4509.571	4510.246	4507.570	4509.843	330	0	160
2025.12.29	04:11:00	4509.888	4511.933	4509.477	4511.768	285	0	160
2025.12.29	04:12:00	4511.794	4515.118	4511.678	4514.182	295	0	160
2025.12.29	04:13:00	4514.209	4515.324	4513.923	4515.217	214	0	160
2025.12.29	04:14:00	4515.235	4515.959	4514.506	4514.995	258	0	160
2025.12.29	04:15:00	4515.012	4515.115	4513.548	4513.852	347	0	160
2025.12.29	04:16:00	4513.860	4514.410	4513.006	4514.154	245	0	160
2025.12.29	04:17:00	4514.097	4514.846	4513.874	4513.874	214	0	160
2025.12.29	04:18:00	4513.890	4514.925	4512.851	4514.039	302	0	160
2025.12.29	04:19:00	4514.088	4514.859	4513.865	4514.298	188	0	160
2025.12.29	04:20:00	4514.312	4516.084	4513.832	4515.543	205	0	160
2025.12.29	04:21:00	4515.511	4515.511	4514.184	4514.302	146	0	160
2025.12.29	04:22:00	4514.412	4514.459	4512.097	4512.393	295	0	160
2025.12.29	04:23:00	4512.359	4513.394	4511.960	4512.486	197	0	160
2025.12.29	04:24:00	4512.465	4513.237	4512.172	4512.425	189	0	160
2025.12.29	04:25:00	4512.355	4512.818	4510.804	4511.290	249	0	160
2025.12.29	04:26:00	4511.313	4512.722	4510.861	4512.641	190	0	160
2025.12.29	04:27:00	4512.691	4513.518	4512.407	4513.339	118	0	160
2025.12.29	04:28:00	4513.270	4513.650	4513.028	4513.602	100	0	160
2025.12.29	04:29:00	4513.609	4514.604	4513.393	4514.094	168	0	160
2025.12.29	04:30:00	4514.136	4514.465	4513.797	4513.922	81	0	160
2025.12.29	04:31:00	4513.967	4514.154	4513.339	4513.822	128	0	160
2025.12.29	04:32:00	4513.882	4514.425	4513.104	4513.241	111	0	160
2025.12.29	04:33:00	4513.223	4515.034	4512.979	4514.953	162	0	160
2025.12.29	04:34:00	4514.993	4518.860	4514.799	4518.770	204	0	160
2025.12.29	04:35:00	4518.793	4519.452	4518.165	4518.395	264	0	160
2025.12.29	04:36:00	4518.385	4518.969	4517.665	4517.995	199	0	160
2025.12.29	04:37:00	4518.033	4518.392	4516.964	4517.536	180	0	160
2025.12.29	04:38:00	4517.535	4517.642	4516.549	4517.243	143	0	160
2025.12.29	04:39:00	4517.176	4517.688	4516.546	4517.188	129	0	160
2025.12.29	04:40:00	4517.183	4517.183	4516.067	4516.356	133	0	160
2025.12.29	04:41:00	4516.347	4516.797	4516.018	4516.086	88	0	160
2025.12.29	04:42:00	4516.092	4516.615	4515.504	4515.520	108	0	160
2025.12.29	04:43:00	4515.496	4516.198	4515.414	4515.682	136	0	160
2025.12.29	04:44:00	4515.678	4516.205	4515.647	4515.672	104	0	160
2025.12.29	04:45:00	4515.654	4516.182	4515.256	4516.130	132	0	160
2025.12.29	04:46:00	4516.165	4516.368	4514.535	4514.665	141	0	160
2025.12.29	04:47:00	4514.643	4515.272	4513.678	4514.434	235	0	160
2025.12.29	04:48:00	4514.473	4514.647	4513.276	4514.629	206	0	160
2025.12.29	04:49:00	4514.615	4515.587	4514.615	4515.487	124	0	160
2025.12.29	04:50:00	4515.448	4515.448	4514.819	4514.930	148	0	160
2025.12.29	04:51:00	4514.862	4515.105	4514.282	4514.586	114	0	160
2025.12.29	04:52:00	4514.564	4515.498	4514.523	4515.186	135	0	160
2025.12.29	04:53:00	4515.229	4515.464	4513.674	4514.032	204	0	160
2025.12.29	04:54:00	4514.067	4514.499	4513.819	4514.225	120	0	160
2025.12.29	04:55:00	4514.181	4514.403	4513.760	4513.911	92	0	160
2025.12.29	04:56:00	4513.953	4516.333	4513.397	4515.869	218	0	160
2025.12.29	04:57:00	4515.852	4516.179	4515.685	4515.989	78	0	160
2025.12.29	04:58:00	4516.027	4516.092	4515.456	4516.062	115	0	160
2025.12.29	04:59:00	4516.088	4516.415	4515.373	4515.736	128	0	160
2025.12.29	05:00:00	4515.684	4515.684	4514.365	4514.751	199	0	160
2025.12.29	05:01:00	4514.763	4514.763	4513.342	4514.412	242	0	160
2025.12.29	05:02:00	4514.400	4514.432	4513.096	4513.341	206	0	160
2025.12.29	05:03:00	4513.300	4513.757	4512.703	4512.918	208	0	160
2025.12.29	05:04:00	4512.972	4513.744	4512.634	4513.023	173	0	160
2025.12.29	05:05:00	4512.967	4513.791	4511.798	4513.470	223	0	160
2025.12.29	05:06:00	4513.497	4514.259	4512.803	4513.121	168	0	160
2025.12.29	05:07:00	4513.072	4513.468	4511.526	4513.355	314	0	160
2025.12.29	05:08:00	4513.354	4513.428	4511.374	4512.057	446	0	160
2025.12.29	05:09:00	4512.093	4512.385	4509.759	4509.759	491	0	160
2025.12.29	05:10:00	4509.868	4512.870	4509.868	4512.870	275	0	160
2025.12.29	05:11:00	4512.903	4514.287	4512.740	4513.755	192	0	160
2025.12.29	05:12:00	4513.726	4514.368	4512.662	4512.662	189	0	160
2025.12.29	05:13:00	4512.735	4514.360	4512.728	4514.145	183	0	160
2025.12.29	05:14:00	4514.167	4515.116	4514.115	4514.612	170	0	160
2025.12.29	05:15:00	4514.619	4515.424	4514.370	4514.664	164	0	160
2025.12.29	05:16:00	4514.754	4515.805	4514.205	4515.325	208	0	160
2025.12.29	05:17:00	4515.290	4515.290	4513.474	4513.790	137	0	160
2025.12.29	05:18:00	4513.786	4513.786	4511.285	4511.594	170	0	160
2025.12.29	05:19:00	4511.553	4512.381	4511.142	4512.256	150	0	160
2025.12.29	05:20:00	4512.155	4513.963	4512.155	4513.963	196	0	160
2025.12.29	05:21:00	4513.959	4514.982	4513.662	4514.981	162	0	160
2025.12.29	05:22:00	4515.017	4515.290	4513.575	4514.284	185	0	160
2025.12.29	05:23:00	4514.358	4515.667	4514.155	4515.087	179	0	160
2025.12.29	05:24:00	4515.124	4515.247	4514.307	4515.247	127	0	160
2025.12.29	05:25:00	4515.212	4515.251	4514.855	4514.995	126	0	160
2025.12.29	05:26:00	4514.995	4515.030	4513.916	4514.051	127	0	160
2025.12.29	05:27:00	4514.015	4514.053	4513.056	4513.675	110	0	160
2025.12.29	05:28:00	4513.664	4514.112	4513.548	4514.022	93	0	160
2025.12.29	05:29:00	4513.981	4514.404	4513.526	4513.977	136	0	160
2025.12.29	05:30:00	4514.019	4514.521	4512.123	4514.521	515	0	160
2025.12.29	05:31:00	4514.546	4516.528	4513.869	4515.294	278	0	160
2025.12.29	05:32:00	4515.295	4516.552	4514.369	4515.473	354	0	160
2025.12.29	05:33:00	4515.439	4515.804	4514.061	4514.499	248	0	160
2025.12.29	05:34:00	4514.481	4515.415	4513.253	4514.311	288	0	160
2025.12.29	05:35:00	4514.342	4515.290	4513.170	4514.535	222	0	160
2025.12.29	05:36:00	4514.512	4517.384	4514.512	4516.743	239	0	160
2025.12.29	05:37:00	4516.772	4517.011	4516.145	4516.719	176	0	160
2025.12.29	05:38:00	4516.730	4518.014	4516.226	4517.189	221	0	160
2025.12.29	05:39:00	4517.290	4517.691	4516.555	4516.781	164	0	160
2025.12.29	05:40:00	4516.818	4518.182	4516.349	4517.742	275	0	160
2025.12.29	05:41:00	4517.743	4518.440	4517.399	4518.022	169	0	160
2025.12.29	05:42:00	4518.047	4519.305	4517.223	4517.837	292	0	160
2025.12.29	05:43:00	4517.756	4517.855	4515.368	4515.714	199	0	160
2025.12.29	05:44:00	4515.700	4516.977	4515.700	4516.484	162	0	160
2025.12.29	05:45:00	4516.561	4517.592	4515.444	4515.467	246	0	160
2025.12.29	05:46:00	4515.416	4515.808	4514.599	4515.465	180	0	160
2025.12.29	05:47:00	4515.427	4516.057	4515.204	4515.341	163	0	160
2025.12.29	05:48:00	4515.333	4515.922	4514.270	4514.745	193	0	160
2025.12.29	05:49:00	4514.706	4515.277	4514.227	4514.381	213	0	160
2025.12.29	05:50:00	4514.399	4515.268	4512.896	4514.954	392	0	160
2025.12.29	05:51:00	4514.965	4515.304	4513.689	4514.896	362	0	160
2025.12.29	05:52:00	4514.951	4516.547	4514.529	4515.903	263	0	160
2025.12.29	05:53:00	4515.865	4515.890	4514.296	4514.561	240	0	160
2025.12.29	05:54:00	4514.609	4515.122	4513.916	4514.235	290	0	160
2025.12.29	05:55:00	4514.203	4514.336	4510.539	4511.225	624	0	160
2025.12.29	05:56:00	4511.187	4511.187	4508.676	4508.676	540	0	160
2025.12.29	05:57:00	4508.726	4511.220	4508.726	4510.095	934	0	160
2025.12.29	05:58:00	4510.097	4511.214	4507.781	4508.143	625	0	160
2025.12.29	05:59:00	4508.174	4508.205	4505.076	4506.734	692	0	160
2025.12.29	06:00:00	4506.767	4508.466	4505.670	4506.045	540	0	160
2025.12.29	06:01:00	4505.928	4506.868	4500.306	4502.967	1185	0	160
2025.12.29	06:02:00	4502.929	4503.838	4501.051	4503.838	740	0	160
2025.12.29	06:03:00	4503.882	4505.733	4502.969	4504.799	649	0	160
2025.12.29	06:04:00	4504.831	4509.305	4504.685	4509.075	471	0	160
2025.12.29	06:05:00	4509.016	4509.367	4507.008	4507.107	453	0	160
2025.12.29	06:06:00	4507.148	4507.200	4503.007	4503.271	694	0	160
2025.12.29	06:07:00	4503.317	4504.974	4503.079	4504.341	394	0	160
2025.12.29	06:08:00	4504.410	4504.776	4501.782	4502.601	446	0	160
2025.12.29	06:09:00	4502.628	4504.785	4502.465	4504.566	284	0	160
2025.12.29	06:10:00	4504.570	4506.933	4503.810	4506.477	351	0	160
2025.12.29	06:11:00	4506.516	4508.384	4506.323	4507.725	336	0	160
2025.12.29	06:12:00	4507.768	4510.669	4507.768	4509.747	441	0	160
2025.12.29	06:13:00	4509.680	4510.025	4508.075	4508.664	289	0	160
2025.12.29	06:14:00	4508.717	4508.735	4505.149	4506.124	471	0	160
2025.12.29	06:15:00	4506.161	4507.216	4505.022	4505.022	442	0	160
2025.12.29	06:16:00	4504.996	4505.905	4503.894	4504.546	464	0	160
2025.12.29	06:17:00	4504.598	4504.598	4501.843	4504.152	499	0	160
2025.12.29	06:18:00	4504.171	4505.940	4503.761	4504.612	468	0	160
2025.12.29	06:19:00	4504.679	4505.299	4503.025	4504.162	339	0	160
2025.12.29	06:20:00	4504.136	4505.400	4503.590	4504.297	289	0	160
2025.12.29	06:21:00	4504.257	4505.431	4501.584	4501.584	432	0	160
2025.12.29	06:22:00	4501.673	4502.796	4501.056	4502.135	419	0	160
2025.12.29	06:23:00	4502.100	4503.646	4501.195	4501.831	349	0	160
2025.12.29	06:24:00	4501.840	4502.171	4499.014	4500.267	449	0	160
2025.12.29	06:25:00	4500.365	4500.880	4498.761	4500.407	575	0	160
2025.12.29	06:26:00	4500.362	4500.423	4497.766	4498.533	622	0	160
2025.12.29	06:27:00	4498.482	4499.564	4496.486	4497.137	675	0	160
2025.12.29	06:28:00	4497.113	4497.113	4489.298	4491.630	1134	0	160
2025.12.29	06:29:00	4491.724	4493.053	4490.609	4490.773	691	0	160
2025.12.29	06:30:00	4490.813	4491.215	4484.702	4490.331	1127	0	160
2025.12.29	06:31:00	4490.355	4495.072	4490.108	4494.710	550	0	160
2025.12.29	06:32:00	4494.748	4496.079	4493.996	4495.735	729	0	160
2025.12.29	06:33:00	4495.777	4496.944	4494.946	4495.898	379	0	160
2025.12.29	06:34:00	4495.942	4496.954	4495.942	4496.353	335	0	160
2025.12.29	06:35:00	4496.401	4497.832	4496.273	4496.396	297	0	160
2025.12.29	06:36:00	4496.476	4496.702	4494.194	4494.706	358	0	160
2025.12.29	06:37:00	4494.644	4494.644	4492.646	4494.048	501	0	160
2025.12.29	06:38:00	4493.994	4493.994	4489.797	4491.023	780	0	160
2025.12.29	06:39:00	4491.049	4491.140	4488.893	4489.583	516	0	160
2025.12.29	06:40:00	4489.566	4489.712	4486.239	4489.284	852	0	160
2025.12.29	06:41:00	4489.313	4491.976	4487.240	4491.616	821	0	160
2025.12.29	06:42:00	4491.578	4491.578	4489.771	4490.653	593	0	160
2025.12.29	06:43:00	4490.685	4493.033	4488.775	4491.462	583	0	160
2025.12.29	06:44:00	4491.418	4491.418	4486.862	4487.117	768	0	160
2025.12.29	06:45:00	4487.090	4487.090	4483.040	4483.268	878	0	160
2025.12.29	06:46:00	4483.315	4484.423	4481.250	4483.437	903	0	160
2025.12.29	06:47:00	4483.375	4487.892	4482.596	4487.433	575	0	160
2025.12.29	06:48:00	4487.322	4487.322	4483.690	4486.364	626	0	160
2025.12.29	06:49:00	4486.393	4487.394	4483.947	4484.164	530	0	160
2025.12.29	06:50:00	4484.136	4484.136	4481.016	4481.228	721	0	160
2025.12.29	06:51:00	4481.197	4481.755	4476.391	4480.031	831	0	160
2025.12.29	06:52:00	4480.064	4480.916	4476.014	4476.977	1207	0	160
2025.12.29	06:53:00	4477.026	4477.588	4473.805	4477.552	1407	0	160
2025.12.29	06:54:00	4477.649	4478.928	4474.942	4475.698	798	0	160
2025.12.29	06:55:00	4475.644	4478.719	4473.228	4477.962	1128	0	160
2025.12.29	06:56:00	4477.933	4477.933	4471.450	4472.692	815	0	160
2025.12.29	06:57:00	4472.602	4474.408	4471.324	4473.148	606	0	160
2025.12.29	06:58:00	4473.067	4478.078	4472.242	4477.521	664	0	160
2025.12.29	06:59:00	4477.544	4477.943	4475.186	4475.186	459	0	160
2025.12.29	07:00:00	4475.157	4475.157	4454.482	4458.198	2744	0	160
2025.12.29	07:01:00	4458.170	4462.601	4457.987	4460.789	1525	0	160
2025.12.29	07:02:00	4460.637	4466.402	4455.789	4455.955	1616	0	160
2025.12.29	07:03:00	4456.001	4460.816	4444.935	4452.137	2149	0	160
2025.12.29	07:04:00	4452.113	4458.356	4448.945	4455.819	1783	0	160
2025.12.29	07:05:00	4455.840	4457.920	4448.106	4452.722	1748	0	160
2025.12.29	07:06:00	4452.694	4456.953	4450.213	4456.721	1202	0	160
2025.12.29	07:07:00	4456.750	4458.924	4449.431	4451.194	1372	0	160
2025.12.29	07:08:00	4451.152	4462.561	4450.945	4462.372	1213	0	160
2025.12.29	07:09:00	4462.336	4463.518	4458.860	4459.654	870	0	160
2025.12.29	07:10:00	4459.623	4461.894	4458.024	4461.488	977	0	160
2025.12.29	07:11:00	4461.537	4468.437	4461.055	4467.293	1363	0	160
2025.12.29	07:12:00	4467.266	4471.864	4465.149	4471.074	770	0	160
2025.12.29	07:13:00	4471.110	4476.454	4471.110	4474.229	922	0	160
2025.12.29	07:14:00	4474.262	4475.170	4472.508	4473.428	580	0	160
2025.12.29	07:15:00	4473.386	4474.884	4472.630	4474.161	402	0	160
2025.12.29	07:16:00	4474.045	4478.279	4474.045	4476.941	438	0	160
2025.12.29	07:17:00	4476.915	4478.640	4475.953	4476.384	588	0	160
2025.12.29	07:18:00	4476.504	4477.105	4473.452	4475.491	531	0	160
2025.12.29	07:19:00	4475.534	4481.275	4475.534	4480.163	669	0	160
2025.12.29	07:20:00	4480.113	4481.862	4478.545	4478.545	797	0	160
2025.12.29	07:21:00	4478.518	4478.518	4475.915	4477.428	911	0	160
2025.12.29	07:22:00	4477.473	4478.780	4474.284	4474.284	586	0	160
2025.12.29	07:23:00	4474.295	4477.327	4474.104	4475.477	689	0	160
2025.12.29	07:24:00	4475.435	4477.460	4475.140	4476.106	769	0	160
2025.12.29	07:25:00	4476.068	4477.051	4474.459	4475.146	384	0	160
2025.12.29	07:26:00	4475.110	4475.110	4473.188	4474.232	530	0	160
2025.12.29	07:27:00	4474.196	4477.117	4473.788	4475.417	413	0	160
2025.12.29	07:28:00	4475.374	4477.368	4473.065	4474.725	583	0	160
2025.12.29	07:29:00	4474.768	4475.114	4471.314	4471.539	519	0	160
2025.12.29	07:30:00	4471.599	4472.515	4470.977	4471.558	346	0	160
2025.12.29	07:31:00	4471.594	4474.982	4470.345	4474.951	597	0	160
2025.12.29	07:32:00	4474.851	4477.503	4474.280	4476.750	520	0	160
2025.12.29	07:33:00	4476.681	4478.066	4475.648	4477.311	400	0	160
2025.12.29	07:34:00	4477.299	4478.880	4476.929	4478.084	322	0	160
2025.12.29	07:35:00	4478.046	4478.168	4475.322	4475.840	344	0	160
2025.12.29	07:36:00	4475.856	4479.155	4475.750	4479.145	305	0	160
2025.12.29	07:37:00	4479.170	4479.752	4475.901	4477.184	409	0	160
2025.12.29	07:38:00	4477.251	4477.713	4473.464	4474.459	476	0	160
2025.12.29	07:39:00	4474.457	4474.902	4472.435	4473.419	412	0	160
2025.12.29	07:40:00	4473.358	4478.490	4472.601	4478.291	323	0	160
2025.12.29	07:41:00	4478.245	4479.342	4476.245	4477.876	571	0	160
2025.12.29	07:42:00	4477.828	4478.134	4475.490	4476.655	395	0	160
2025.12.29	07:43:00	4476.690	4476.913	4474.341	4474.903	634	0	160
2025.12.29	07:44:00	4474.944	4475.751	4473.165	4473.464	526	0	160
2025.12.29	07:45:00	4473.433	4476.271	4473.383	4475.837	505	0	160
2025.12.29	07:46:00	4475.839	4475.931	4472.968	4474.140	295	0	160
2025.12.29	07:47:00	4474.176	4475.202	4472.987	4474.729	312	0	160
2025.12.29	07:48:00	4474.791	4474.874	4473.647	4473.951	148	0	160
2025.12.29	07:49:00	4473.954	4476.940	4473.701	4476.608	409	0	160
2025.12.29	07:50:00	4476.638	4478.887	4475.466	4475.691	343	0	160
2025.12.29	07:51:00	4475.680	4476.816	4475.052	4476.735	200	0	160
2025.12.29	07:52:00	4476.735	4477.633	4475.830	4476.813	333	0	160
2025.12.29	07:53:00	4476.807	4476.861	4474.618	4474.959	432	0	160
2025.12.29	07:54:00	4474.920	4475.205	4473.589	4474.325	453	0	160
2025.12.29	07:55:00	4474.378	4477.557	4473.649	4477.432	553	0	160
2025.12.29	07:56:00	4477.464	4478.268	4475.886	4476.284	546	0	160
2025.12.29	07:57:00	4476.341	4476.654	4474.416	4475.167	335	0	160
2025.12.29	07:58:00	4475.130	4476.202	4474.741	4475.500	588	0	160
2025.12.29	07:59:00	4475.566	4475.734	4473.674	4474.592	396	0	160
2025.12.29	08:00:00	4474.713	4477.498	4472.236	4475.038	955	0	160
2025.12.29	08:01:00	4475.011	4475.568	4466.936	4467.958	1076	0	160
2025.12.29	08:02:00	4468.015	4471.726	4466.122	4470.393	917	0	160
2025.12.29	08:03:00	4470.418	4473.574	4469.539	4473.093	578	0	160
2025.12.29	08:04:00	4473.012	4473.207	4470.228	4472.489	625	0	160
2025.12.29	08:05:00	4472.427	4473.066	4470.839	4471.721	511	0	160
2025.12.29	08:06:00	4471.696	4474.233	4470.257	4473.905	499	0	160
2025.12.29	08:07:00	4473.873	4475.656	4472.324	4475.227	508	0	160
2025.12.29	08:08:00	4475.251	4477.474	4475.144	4477.147	336	0	160
2025.12.29	08:09:00	4477.225	4479.557	4477.182	4478.395	303	0	160
2025.12.29	08:10:00	4478.439	4478.604	4474.072	4475.431	444	0	160
2025.12.29	08:11:00	4475.374	4476.912	4475.219	4476.479	279	0	160
2025.12.29	08:12:00	4476.450	4478.062	4476.380	4477.856	350	0	160
2025.12.29	08:13:00	4477.889	4483.015	4477.070	4482.831	575	0	160
2025.12.29	08:14:00	4482.944	4485.943	4481.979	4483.846	667	0	160
2025.12.29	08:15:00	4483.809	4485.371	4481.411	4484.403	674	0	160
2025.12.29	08:16:00	4484.434	4486.663	4483.740	4485.640	349	0	160
2025.12.29	08:17:00	4485.678	4488.661	4485.216	4488.388	210	0	160
2025.12.29	08:18:00	4488.467	4488.545	4484.455	4484.609	405	0	160
2025.12.29	08:19:00	4484.665	4486.123	4484.245	4484.485	345	0	160
2025.12.29	08:20:00	4484.521	4485.002	4481.616	4481.758	387	0	160
2025.12.29	08:21:00	4481.726	4482.601	4480.598	4482.088	530	0	160
2025.12.29	08:22:00	4482.131	4484.670	4481.854	4484.570	364	0	160
2025.12.29	08:23:00	4484.610	4485.481	4483.822	4484.334	294	0	160
2025.12.29	08:24:00	4484.323	4486.278	4483.523	4483.758	395	0	160
2025.12.29	08:25:00	4483.734	4483.845	4482.123	4482.757	311	0	160
2025.12.29	08:26:00	4482.798	4483.201	4482.385	4482.639	134	0	160
2025.12.29	08:27:00	4482.749	4484.370	4481.965	4482.093	315	0	160
2025.12.29	08:28:00	4482.101	4484.022	4481.853	4483.216	257	0	160
2025.12.29	08:29:00	4483.178	4483.269	4479.920	4479.920	338	0	160
2025.12.29	08:30:00	4480.022	4480.800	4474.948	4475.099	397	0	160
2025.12.29	08:31:00	4475.143	4477.242	4474.189	4476.575	341	0	160
2025.12.29	08:32:00	4476.556	4478.008	4476.125	4476.863	443	0	160
2025.12.29	08:33:00	4476.922	4478.945	4476.484	4477.031	510	0	160
2025.12.29	08:34:00	4477.084	4477.565	4476.218	4476.808	305	0	160
2025.12.29	08:35:00	4476.764	4478.023	4474.811	4475.421	336	0	160
2025.12.29	08:36:00	4475.449	4477.354	4474.596	4475.931	471	0	160
2025.12.29	08:37:00	4476.019	4477.239	4475.639	4476.729	311	0	160
2025.12.29	08:38:00	4476.783	4477.111	4470.140	4471.199	671	0	160
2025.12.29	08:39:00	4471.242	4472.733	4470.190	4470.530	618	0	160
2025.12.29	08:40:00	4470.578	4473.766	4470.494	4472.611	506	0	160
2025.12.29	08:41:00	4472.621	4474.429	4472.300	4474.215	400	0	160
2025.12.29	08:42:00	4474.180	4475.846	4473.479	4475.273	545	0	160
2025.12.29	08:43:00	4475.325	4476.538	4474.015	4475.792	463	0	160
2025.12.29	08:44:00	4475.682	4475.682	4470.020	4470.180	530	0	160
2025.12.29	08:45:00	4470.218	4470.812	4468.025	4470.583	433	0	160
2025.12.29	08:46:00	4470.547	4472.034	4468.506	4468.705	473	0	160
2025.12.29	08:47:00	4468.752	4468.944	4467.459	4468.355	371	0	160
2025.12.29	08:48:00	4468.396	4469.319	4466.455	4467.195	581	0	160
2025.12.29	08:49:00	4467.078	4467.078	4460.856	4461.200	825	0	160
2025.12.29	08:50:00	4461.241	4464.824	4458.472	4459.982	1109	0	160
2025.12.29	08:51:00	4460.053	4462.103	4457.279	4460.984	721	0	160
2025.12.29	08:52:00	4461.020	4461.224	4457.279	4460.276	954	0	160
2025.12.29	08:53:00	4460.340	4460.502	4455.617	4458.148	732	0	160
2025.12.29	08:54:00	4458.194	4459.571	4456.979	4457.559	549	0	160
2025.12.29	08:55:00	4457.595	4460.363	4454.006	4454.368	1135	0	160
2025.12.29	08:56:00	4454.317	4457.319	4452.588	4457.029	915	0	160
2025.12.29	08:57:00	4457.007	4459.840	4456.328	4459.639	661	0	160
2025.12.29	08:58:00	4459.555	4463.162	4458.684	4462.272	579	0	160
2025.12.29	08:59:00	4462.373	4463.704	4460.893	4460.937	503	0	160
2025.12.29	09:00:00	4460.977	4464.072	4460.233	4463.909	690	0	160
2025.12.29	09:01:00	4463.944	4465.559	4462.967	4465.382	474	0	160
2025.12.29	09:02:00	4465.411	4465.727	4463.848	4465.687	535	0	160
2025.12.29	09:03:00	4465.636	4465.636	4463.773	4464.920	553	0	160
2025.12.29	09:04:00	4464.944	4465.568	4463.569	4465.283	511	0	160
2025.12.29	09:05:00	4465.310	4466.275	4462.340	4462.593	624	0	160
2025.12.29	09:06:00	4462.552	4463.439	4460.545	4460.683	563	0	160
2025.12.29	09:07:00	4460.720	4461.311	4459.155	4460.157	392	0	160
2025.12.29	09:08:00	4460.212	4464.542	4460.159	4464.200	395	0	160
2025.12.29	09:09:00	4464.244	4465.661	4462.120	4465.513	446	0	160
2025.12.29	09:10:00	4465.469	4465.705	4461.985	4462.685	424	0	160
2025.12.29	09:11:00	4462.718	4464.123	4461.309	4462.676	389	0	160
2025.12.29	09:12:00	4462.715	4464.947	4462.624	4464.287	430	0	160
2025.12.29	09:13:00	4464.355	4466.441	4463.964	4465.719	371	0	160
2025.12.29	09:14:00	4465.678	4467.701	4465.627	4467.409	386	0	160
2025.12.29	09:15:00	4467.350	4467.628	4465.469	4466.791	353	0	160
2025.12.29	09:16:00	4466.729	4467.384	4465.076	4465.771	260	0	160
2025.12.29	09:17:00	4465.746	4466.630	4465.640	4466.103	185	0	160
2025.12.29	09:18:00	4466.069	4468.931	4465.629	4468.444	362	0	160
2025.12.29	09:19:00	4468.419	4468.629	4465.023	4465.763	347	0	160
2025.12.29	09:20:00	4465.733	4466.120	4463.938	4465.556	339	0	160
2025.12.29	09:21:00	4465.508	4466.845	4464.687	4466.632	377	0	160
2025.12.29	09:22:00	4466.672	4466.817	4464.456	4464.542	176	0	160
2025.12.29	09:23:00	4464.594	4464.875	4462.165	4463.747	331	0	160
2025.12.29	09:24:00	4463.732	4464.117	4462.231	4463.898	432	0	160
2025.12.29	09:25:00	4463.926	4464.176	4462.005	4463.566	407	0	160
2025.12.29	09:26:00	4463.575	4467.310	4463.518	4467.005	535	0	160
2025.12.29	09:27:00	4467.033	4467.059	4464.903	4466.430	368	0	160
2025.12.29	09:28:00	4466.441	4466.962	4465.898	4466.366	193	0	160
2025.12.29	09:29:00	4466.410	4467.421	4465.442	4466.099	238	0	160
2025.12.29	09:30:00	4466.058	4466.552	4464.918	4466.123	233	0	160
2025.12.29	09:31:00	4466.098	4466.103	4463.639	4463.666	293	0	160
2025.12.29	09:32:00	4463.626	4463.916	4462.073	4463.419	251	0	160
2025.12.29	09:33:00	4463.459	4464.534	4462.530	4462.530	279	0	160
2025.12.29	09:34:00	4462.526	4463.861	4461.862	4461.862	244	0	160
2025.12.29	09:35:00	4461.853	4463.326	4461.491	4461.669	322	0	160
2025.12.29	09:36:00	4461.666	4461.726	4460.216	4461.336	249	0	160
2025.12.29	09:37:00	4461.403	4464.529	4461.403	4464.295	407	0	160
2025.12.29	09:38:00	4464.327	4464.776	4463.683	4464.449	244	0	160
2025.12.29	09:39:00	4464.493	4465.394	4464.209	4464.427	220	0	160
2025.12.29	09:40:00	4464.391	4468.209	4464.066	4466.411	469	0	160
2025.12.29	09:41:00	4466.308	4468.700	4466.181	4468.272	289	0	160
2025.12.29	09:42:00	4468.315	4468.315	4466.160	4466.397	238	0	160
2025.12.29	09:43:00	4466.352	4469.742	4466.205	4469.339	294	0	160
2025.12.29	09:44:00	4469.304	4475.598	4469.033	4475.454	590	0	160
2025.12.29	09:45:00	4475.499	4476.301	4473.077	4473.240	410	0	160
2025.12.29	09:46:00	4473.245	4473.610	4472.076	4473.377	243	0	160
2025.12.29	09:47:00	4473.375	4475.332	4473.075	4474.438	328	0	160
2025.12.29	09:48:00	4474.461	4475.066	4473.727	4474.671	259	0	160
2025.12.29	09:49:00	4474.620	4474.620	4471.677	4472.011	206	0	160
2025.12.29	09:50:00	4472.012	4472.828	4470.733	4470.932	255	0	160
2025.12.29	09:51:00	4470.978	4472.490	4470.836	4470.952	217	0	160
2025.12.29	09:52:00	4470.969	4472.295	4470.343	4471.850	189	0	160
2025.12.29	09:53:00	4471.894	4471.894	4470.677	4471.340	164	0	160
2025.12.29	09:54:00	4471.357	4472.721	4471.113	4472.273	236	0	160
2025.12.29	09:55:00	4472.231	4472.231	4471.117	4471.436	115	0	160
2025.12.29	09:56:00	4471.464	4471.464	4469.821	4470.656	185	0	160
2025.12.29	09:57:00	4470.642	4470.755	4469.074	4469.841	157	0	160
2025.12.29	09:58:00	4469.872	4471.960	4469.116	4471.878	279	0	160
2025.12.29	09:59:00	4471.798	4472.622	4471.798	4472.176	172	0	160
2025.12.29	10:00:00	4472.148	4472.148	4471.120	4471.672	166	0	160
2025.12.29	10:01:00	4471.680	4473.747	4471.247	4473.632	233	0	160
2025.12.29	10:02:00	4473.583	4474.227	4471.708	4474.075	275	0	160
2025.12.29	10:03:00	4474.035	4474.524	4472.904	4473.895	289	0	160
2025.12.29	10:04:00	4473.940	4473.940	4471.757	4472.110	163	0	160
2025.12.29	10:05:00	4472.160	4473.395	4471.009	4471.009	249	0	160
2025.12.29	10:06:00	4471.057	4473.388	4470.701	4472.854	242	0	160
2025.12.29	10:07:00	4472.929	4473.290	4471.768	4472.161	274	0	160
2025.12.29	10:08:00	4472.193	4473.640	4471.456	4473.346	216	0	160
2025.12.29	10:09:00	4473.286	4474.405	4472.926	4472.926	230	0	160
2025.12.29	10:10:00	4472.922	4473.172	4472.340	4472.693	179	0	160
2025.12.29	10:11:00	4472.691	4472.880	4470.893	4471.160	160	0	160
2025.12.29	10:12:00	4471.201	4472.056	4470.231	4470.248	212	0	160
2025.12.29	10:13:00	4470.231	4470.863	4468.927	4470.561	223	0	160
2025.12.29	10:14:00	4470.529	4471.295	4470.529	4471.115	140	0	160
2025.12.29	10:15:00	4471.083	4471.221	4469.687	4470.017	187	0	160
2025.12.29	10:16:00	4469.945	4470.996	4468.665	4470.911	249	0	160
2025.12.29	10:17:00	4470.941	4471.694	4470.515	4471.651	149	0	160
2025.12.29	10:18:00	4471.684	4472.317	4471.256	4471.442	192	0	160
2025.12.29	10:19:00	4471.369	4471.847	4470.521	4471.742	159	0	160
2025.12.29	10:20:00	4471.699	4471.699	4467.603	4467.883	257	0	160
2025.12.29	10:21:00	4467.961	4468.354	4466.996	4467.264	280	0	160
2025.12.29	10:22:00	4467.281	4469.309	4467.185	4468.455	223	0	160
2025.12.29	10:23:00	4468.404	4469.276	4467.768	4468.426	248	0	160
2025.12.29	10:24:00	4468.428	4468.428	4465.999	4467.239	252	0	160
2025.12.29	10:25:00	4467.300	4468.577	4466.825	4467.784	306	0	160
2025.12.29	10:26:00	4467.745	4468.237	4466.616	4466.740	220	0	160
2025.12.29	10:27:00	4466.776	4466.776	4465.069	4465.861	226	0	160
2025.12.29	10:28:00	4465.921	4466.741	4465.420	4466.195	240	0	160
2025.12.29	10:29:00	4466.206	4466.279	4462.731	4462.731	424	0	160
2025.12.29	10:30:00	4462.828	4462.881	4459.033	4461.669	576	0	160
2025.12.29	10:31:00	4461.707	4462.499	4456.990	4457.648	617	0	160
2025.12.29	10:32:00	4457.602	4459.698	4457.089	4459.698	557	0	160
2025.12.29	10:33:00	4459.722	4461.256	4457.726	4461.067	443	0	160
2025.12.29	10:34:00	4461.106	4461.684	4460.635	4461.374	272	0	160
2025.12.29	10:35:00	4461.397	4461.397	4458.861	4459.356	372	0	160
2025.12.29	10:36:00	4459.380	4462.158	4459.365	4461.923	166	0	160
2025.12.29	10:37:00	4461.907	4462.105	4459.894	4460.229	339	0	160
2025.12.29	10:38:00	4460.219	4463.240	4460.084	4461.687	336	0	160
2025.12.29	10:39:00	4461.737	4463.096	4461.737	4462.840	228	0	160
2025.12.29	10:40:00	4462.725	4463.612	4462.572	4463.084	273	0	160
2025.12.29	10:41:00	4463.039	4463.782	4462.561	4463.305	213	0	160
2025.12.29	10:42:00	4463.311	4463.813	4462.736	4462.863	274	0	160
2025.12.29	10:43:00	4462.877	4462.988	4461.405	4461.795	239	0	160
2025.12.29	10:44:00	4461.795	4461.973	4459.699	4460.104	379	0	160
2025.12.29	10:45:00	4460.054	4461.516	4459.555	4461.516	339	0	160
2025.12.29	10:46:00	4461.464	4461.464	4458.658	4460.360	317	0	160
2025.12.29	10:47:00	4460.314	4463.323	4460.309	4462.547	293	0	160
2025.12.29	10:48:00	4462.600	4463.317	4462.057	4462.424	196	0	160
2025.12.29	10:49:00	4462.397	4462.626	4461.906	4462.496	167	0	160
2025.12.29	10:50:00	4462.461	4463.398	4460.876	4460.876	237	0	160
2025.12.29	10:51:00	4460.923	4461.129	4459.925	4460.192	164	0	160
2025.12.29	10:52:00	4460.200	4460.505	4458.570	4458.885	177	0	160
2025.12.29	10:53:00	4458.881	4460.480	4458.586	4460.389	262	0	160
2025.12.29	10:54:00	4460.349	4461.112	4459.711	4460.485	212	0	160
2025.12.29	10:55:00	4460.513	4461.462	4459.871	4460.590	263	0	160
2025.12.29	10:56:00	4460.615	4461.539	4459.934	4461.089	261	0	160
2025.12.29	10:57:00	4461.067	4461.067	4459.382	4460.079	200	0	160
2025.12.29	10:58:00	4460.091	4461.240	4459.075	4461.154	230	0	160
2025.12.29	10:59:00	4461.187	4461.714	4460.669	4460.856	225	0	160
2025.12.29	11:00:00	4460.865	4461.038	4458.908	4459.622	336	0	160
2025.12.29	11:01:00	4459.666	4459.860	4457.399	4457.732	305	0	160
2025.12.29	11:02:00	4457.781	4458.429	4457.282	4457.870	207	0	160
2025.12.29	11:03:00	4457.843	4458.144	4456.730	4458.043	216	0	160
2025.12.29	11:04:00	4458.090	4459.931	4457.995	4459.555	196	0	160
2025.12.29	11:05:00	4459.557	4461.025	4458.536	4458.607	267	0	160
2025.12.29	11:06:00	4458.655	4458.744	4456.906	4456.906	292	0	160
2025.12.29	11:07:00	4456.881	4457.679	4456.335	4456.959	206	0	160
2025.12.29	11:08:00	4456.969	4457.015	4455.948	4456.184	135	0	160
2025.12.29	11:09:00	4456.154	4459.962	4455.903	4459.873	371	0	160
2025.12.29	11:10:00	4459.831	4459.939	4458.856	4459.519	230	0	160
2025.12.29	11:11:00	4459.460	4459.751	4458.346	4458.712	267	0	160
2025.12.29	11:12:00	4458.665	4460.184	4458.477	4459.864	193	0	160
2025.12.29	11:13:00	4459.818	4459.910	4458.419	4458.419	174	0	160
2025.12.29	11:14:00	4458.406	4458.420	4457.897	4458.407	116	0	160
2025.12.29	11:15:00	4458.415	4459.467	4457.701	4459.081	197	0	160
2025.12.29	11:16:00	4459.131	4460.654	4459.131	4460.227	209	0	160
2025.12.29	11:17:00	4460.193	4462.571	4460.070	4462.142	231	0	160
2025.12.29	11:18:00	4462.111	4464.055	4461.690	4463.870	215	0	160
2025.12.29	11:19:00	4463.821	4464.782	4463.380	4464.656	310	0	160
2025.12.29	11:20:00	4464.650	4467.213	4464.403	4466.750	290	0	160
2025.12.29	11:21:00	4466.715	4467.635	4466.033	4466.033	211	0	160
2025.12.29	11:22:00	4466.006	4466.528	4465.399	4465.536	219	0	160
2025.12.29	11:23:00	4465.572	4466.463	4465.097	4465.422	238	0	160
2025.12.29	11:24:00	4465.319	4465.926	4463.870	4463.966	193	0	160
2025.12.29	11:25:00	4463.865	4466.090	4463.800	4465.470	264	0	160
2025.12.29	11:26:00	4465.444	4466.255	4463.276	4463.735	376	0	160
2025.12.29	11:27:00	4463.713	4464.585	4463.123	4464.393	221	0	160
2025.12.29	11:28:00	4464.395	4465.672	4464.305	4465.041	159	0	160
2025.12.29	11:29:00	4465.026	4465.667	4465.026	4465.166	73	0	160
2025.12.29	11:30:00	4465.134	4465.869	4464.626	4464.969	151	0	160
2025.12.29	11:31:00	4464.913	4464.913	4462.952	4463.652	142	0	160
2025.12.29	11:32:00	4463.620	4464.081	4463.169	4463.714	92	0	160
2025.12.29	11:33:00	4463.761	4464.756	4463.011	4463.425	251	0	160
2025.12.29	11:34:00	4463.448	4463.735	4462.621	4462.810	120	0	160
2025.12.29	11:35:00	4462.838	4463.360	4462.244	4462.244	145	0	160
2025.12.29	11:36:00	4462.217	4462.217	4459.228	4459.445	322	0	160
2025.12.29	11:37:00	4459.406	4459.817	4455.997	4457.335	415	0	160
2025.12.29	11:38:00	4457.289	4458.491	4453.499	4453.601	456	0	160
2025.12.29	11:39:00	4453.565	4453.565	4447.513	4448.111	619	0	160
2025.12.29	11:40:00	4448.090	4448.090	4434.560	4438.459	1710	0	160
2025.12.29	11:41:00	4438.416	4439.240	4434.210	4437.971	1086	0	160
2025.12.29	11:42:00	4438.063	4443.280	4438.063	4443.280	604	0	160
2025.12.29	11:43:00	4443.231	4448.275	4442.855	4447.949	544	0	160
2025.12.29	11:44:00	4447.901	4453.033	4447.742	4452.917	492	0	160
2025.12.29	11:45:00	4452.945	4453.341	4451.123	4452.597	471	0	160
2025.12.29	11:46:00	4452.548	4452.914	4449.017	4451.970	568	0	160
2025.12.29	11:47:00	4451.904	4451.904	4448.051	4448.823	604	0	160
2025.12.29	11:48:00	4448.791	4451.576	4447.062	4451.576	558	0	160
2025.12.29	11:49:00	4451.526	4452.508	4450.324	4450.527	599	0	160
2025.12.29	11:50:00	4450.640	4453.122	4448.889	4453.122	574	0	160
2025.12.29	11:51:00	4453.107	4453.371	4450.241	4451.244	341	0	160
2025.12.29	11:52:00	4451.230	4451.424	4449.633	4450.834	340	0	160
2025.12.29	11:53:00	4450.800	4450.800	4448.998	4449.922	503	0	160
2025.12.29	11:54:00	4449.868	4450.194	4447.582	4448.104	669	0	160
2025.12.29	11:55:00	4448.068	4448.304	4444.470	4446.773	881	0	160
2025.12.29	11:56:00	4446.723	4446.723	4441.488	4444.971	832	0	160
2025.12.29	11:57:00	4445.010	4445.751	4443.788	4444.967	533	0	160
2025.12.29	11:58:00	4445.005	4445.321	4442.250	4443.802	590	0	160
2025.12.29	11:59:00	4443.835	4446.729	4441.835	4446.684	703	0	160
2025.12.29	12:00:00	4446.710	4449.529	4445.663	4446.353	783	0	160
2025.12.29	12:01:00	4446.462	4449.537	4445.595	4448.791	546	0	160
2025.12.29	12:02:00	4448.769	4449.324	4447.310	4448.520	407	0	160
2025.12.29	12:03:00	4448.500	4450.066	4447.462	4449.387	473	0	160
2025.12.29	12:04:00	4449.493	4451.001	4448.925	4449.396	400	0	160
2025.12.29	12:05:00	4449.433	4451.683	4448.818	4450.951	543	0	160
2025.12.29	12:06:00	4450.908	4451.667	4447.991	4448.549	399	0	160
2025.12.29	12:07:00	4448.505	4455.206	4448.322	4455.120	473	0	160
2025.12.29	12:08:00	4455.238	4455.555	4452.990	4454.397	615	0	160
2025.12.29	12:09:00	4454.411	4456.331	4454.028	4455.478	315	0	160
2025.12.29	12:10:00	4455.424	4455.424	4452.757	4452.806	349	0	160
2025.12.29	12:11:00	4452.923	4453.731	4452.701	4452.765	272	0	160
2025.12.29	12:12:00	4452.785	4453.861	4452.143	4452.238	317	0	160
2025.12.29	12:13:00	4452.280	4453.809	4451.764	4452.023	372	0	160
2025.12.29	12:14:00	4452.069	4453.272	4451.671	4452.541	314	0	160
2025.12.29	12:15:00	4452.633	4453.218	4451.718	4452.935	225	0	160
2025.12.29	12:16:00	4452.870	4453.386	4451.872	4452.202	255	0	160
2025.12.29	12:17:00	4452.169	4453.438	4451.588	4453.438	196	0	160
2025.12.29	12:18:00	4453.472	4456.252	4453.472	4455.332	338	0	160
2025.12.29	12:19:00	4455.371	4455.717	4454.509	4454.902	342	0	160
2025.12.29	12:20:00	4454.957	4456.696	4454.957	4455.441	249	0	160
2025.12.29	12:21:00	4455.475	4455.978	4455.104	4455.288	230	0	160
2025.12.29	12:22:00	4455.342	4455.753	4454.896	4455.586	169	0	160
2025.12.29	12:23:00	4455.605	4456.031	4454.773	4455.345	207	0	160
2025.12.29	12:24:00	4455.315	4455.315	4453.702	4453.786	243	0	160
2025.12.29	12:25:00	4453.761	4453.932	4452.191	4453.233	215	0	160
2025.12.29	12:26:00	4453.257	4453.649	4452.132	4453.587	185	0	160
2025.12.29	12:27:00	4453.577	4454.679	4453.315	4454.064	137	0	160
2025.12.29	12:28:00	4454.092	4456.434	4453.697	4456.297	205	0	160
2025.12.29	12:29:00	4456.284	4457.170	4456.153	4456.689	199	0	160
2025.12.29	12:30:00	4456.640	4457.501	4455.906	4456.134	240	0	160
2025.12.29	12:31:00	4456.110	4456.569	4454.797	4456.488	226	0	160
2025.12.29	12:32:00	4456.454	4456.454	4454.933	4455.883	264	0	160
2025.12.29	12:33:00	4455.896	4457.504	4455.896	4456.679	230	0	160
2025.12.29	12:34:00	4456.603	4457.585	4456.245	4457.181	215	0	160
2025.12.29	12:35:00	4457.138	4457.184	4456.238	4456.386	181	0	160
2025.12.29	12:36:00	4456.439	4457.702	4456.177	4457.510	177	0	160
2025.12.29	12:37:00	4457.403	4458.269	4456.833	4457.794	194	0	160
2025.12.29	12:38:00	4457.797	4459.857	4457.797	4459.857	216	0	160
2025.12.29	12:39:00	4459.848	4462.361	4459.453	4461.223	315	0	160
2025.12.29	12:40:00	4461.224	4464.204	4460.750	4463.603	307	0	160
2025.12.29	12:41:00	4463.562	4464.115	4463.354	4463.511	194	0	160
2025.12.29	12:42:00	4463.474	4464.158	4463.347	4463.710	207	0	160
2025.12.29	12:43:00	4463.685	4464.412	4462.420	4462.836	223	0	160
2025.12.29	12:44:00	4462.789	4462.958	4461.903	4462.347	214	0	160
2025.12.29	12:45:00	4462.330	4462.399	4461.053	4461.053	216	0	160
2025.12.29	12:46:00	4461.076	4462.812	4461.076	4461.681	206	0	160
2025.12.29	12:47:00	4461.553	4463.364	4461.198	4463.017	242	0	160
2025.12.29	12:48:00	4463.062	4463.955	4462.761	4463.439	337	0	160
2025.12.29	12:49:00	4463.423	4463.539	4461.384	4462.024	194	0	160
2025.12.29	12:50:00	4461.958	4462.399	4460.598	4462.191	233	0	160
2025.12.29	12:51:00	4462.213	4463.016	4462.079	4462.672	200	0	160
2025.12.29	12:52:00	4462.702	4462.702	4461.552	4462.190	214	0	160
2025.12.29	12:53:00	4462.228	4463.628	4461.747	4463.628	242	0	160
2025.12.29	12:54:00	4463.591	4464.311	4462.904	4464.109	301	0	160
2025.12.29	12:55:00	4464.071	4464.347	4462.916	4463.132	246	0	160
2025.12.29	12:56:00	4463.177	4463.429	4462.219	4462.800	197	0	160
2025.12.29	12:57:00	4462.776	4463.201	4461.992	4462.827	246	0	160
2025.12.29	12:58:00	4462.787	4462.787	4462.060	4462.427	133	0	160
2025.12.29	12:59:00	4462.419	4464.673	4462.365	4464.197	244	0	160
2025.12.29	13:00:00	4464.241	4465.799	4459.799	4461.470	1119	0	160
2025.12.29	13:01:00	4461.494	4462.339	4459.863	4461.226	694	0	160
2025.12.29	13:02:00	4461.263	4462.251	4459.149	4459.158	675	0	160
2025.12.29	13:03:00	4459.131	4462.627	4459.131	4461.401	688	0	160
2025.12.29	13:04:00	4461.353	4466.263	4461.016	4466.112	827	0	160
2025.12.29	13:05:00	4466.067	4466.212	4462.869	4463.908	754	0	160
2025.12.29	13:06:00	4463.957	4466.062	4463.627	4463.721	625	0	160
2025.12.29	13:07:00	4463.684	4464.611	4460.823	4462.725	697	0	160
2025.12.29	13:08:00	4462.695	4466.555	4462.695	4466.382	619	0	160
2025.12.29	13:09:00	4466.384	4467.761	4465.458	4465.458	566	0	160
2025.12.29	13:10:00	4465.423	4467.023	4463.236	4464.244	432	0	160
2025.12.29	13:11:00	4464.173	4464.254	4459.130	4459.593	460	0	160
2025.12.29	13:12:00	4459.550	4460.072	4457.107	4458.856	506	0	160
2025.12.29	13:13:00	4458.908	4459.045	4456.884	4457.811	604	0	160
2025.12.29	13:14:00	4457.860	4459.435	4456.662	4457.857	532	0	160
2025.12.29	13:15:00	4457.867	4458.575	4455.256	4458.463	546	0	160
2025.12.29	13:16:00	4458.426	4459.946	4457.156	4457.175	432	0	160
2025.12.29	13:17:00	4457.139	4459.268	4456.348	4458.482	445	0	160
2025.12.29	13:18:00	4458.540	4460.069	4457.046	4459.065	487	0	160
2025.12.29	13:19:00	4459.025	4459.571	4456.329	4456.347	437	0	160
2025.12.29	13:20:00	4456.239	4456.541	4452.868	4454.806	845	0	160
2025.12.29	13:21:00	4454.766	4456.503	4453.320	4453.410	582	0	160
2025.12.29	13:22:00	4453.460	4454.710	4452.010	4454.134	562	0	160
2025.12.29	13:23:00	4454.161	4455.454	4451.608	4453.063	558	0	160
2025.12.29	13:24:00	4453.145	4453.932	4451.199	4452.137	545	0	160
2025.12.29	13:25:00	4452.057	4452.810	4449.952	4450.376	804	0	160
2025.12.29	13:26:00	4450.340	4453.976	4450.223	4453.391	854	0	160
2025.12.29	13:27:00	4453.353	4453.679	4449.078	4449.164	618	0	160
2025.12.29	13:28:00	4449.302	4449.701	4445.196	4448.603	833	0	160
2025.12.29	13:29:00	4448.582	4452.314	4447.701	4451.608	495	0	160
2025.12.29	13:30:00	4451.624	4452.472	4448.875	4451.567	688	0	160
2025.12.29	13:31:00	4451.598	4452.101	4449.631	4450.987	650	0	160
2025.12.29	13:32:00	4451.037	4454.237	4450.752	4451.523	593	0	160
2025.12.29	13:33:00	4451.570	4454.828	4451.570	4454.333	480	0	160
2025.12.29	13:34:00	4454.388	4454.588	4450.092	4450.213	535	0	160
2025.12.29	13:35:00	4450.339	4454.176	4450.202	4452.313	694	0	160
2025.12.29	13:36:00	4452.275	4454.041	4451.094	4452.487	633	0	160
2025.12.29	13:37:00	4452.516	4453.817	4450.292	4450.573	448	0	160
2025.12.29	13:38:00	4450.608	4451.238	4448.373	4449.553	419	0	160
2025.12.29	13:39:00	4449.589	4450.603	4446.207	4449.265	771	0	160
2025.12.29	13:40:00	4449.367	4449.762	4445.090	4445.780	739	0	160
2025.12.29	13:41:00	4445.746	4445.746	4439.711	4439.780	1313	0	160
2025.12.29	13:42:00	4439.828	4440.614	4427.278	4428.271	1802	0	160
2025.12.29	13:43:00	4428.247	4431.609	4425.225	4431.467	1592	0	160
2025.12.29	13:44:00	4431.493	4432.152	4427.345	4429.604	1057	0	160
2025.12.29	13:45:00	4429.595	4429.595	4423.415	4425.003	1256	0	160
2025.12.29	13:46:00	4425.038	4426.208	4421.378	4422.781	1202	0	160
2025.12.29	13:47:00	4422.806	4423.823	4418.131	4423.528	1270	0	160
2025.12.29	13:48:00	4423.567	4423.760	4418.022	4418.022	1082	0	160
2025.12.29	13:49:00	4417.996	4420.918	4414.839	4417.030	1092	0	160
2025.12.29	13:50:00	4417.005	4418.524	4411.098	4412.066	1098	0	160
2025.12.29	13:51:00	4412.106	4412.148	4406.938	4411.042	1444	0	160
2025.12.29	13:52:00	4411.007	4415.071	4408.271	4413.290	1080	0	160
2025.12.29	13:53:00	4413.327	4419.266	4412.647	4417.340	995	0	160
2025.12.29	13:54:00	4417.382	4418.434	4411.581	4411.581	1251	0	160
2025.12.29	13:55:00	4411.545	4412.130	4407.948	4410.344	1138	0	160
2025.12.29	13:56:00	4410.290	4412.179	4406.994	4410.733	1015	0	160
2025.12.29	13:57:00	4410.791	4416.100	4410.426	4415.939	1016	0	160
2025.12.29	13:58:00	4415.868	4417.642	4414.311	4415.291	868	0	160
2025.12.29	13:59:00	4415.336	4422.051	4415.125	4421.483	1009	0	160
2025.12.29	14:00:00	4421.433	4421.433	4411.749	4412.258	1140	0	160
2025.12.29	14:01:00	4412.216	4413.080	4405.899	4406.925	1502	0	160
2025.12.29	14:02:00	4406.867	4410.310	4404.239	4406.237	1425	0	160
2025.12.29	14:03:00	4406.209	4406.209	4400.036	4401.458	1650	0	160
2025.12.29	14:04:00	4401.387	4405.390	4399.101	4399.964	1619	0	160
2025.12.29	14:05:00	4400.024	4403.122	4397.664	4397.858	1599	0	160
2025.12.29	14:06:00	4397.814	4400.288	4386.125	4387.860	1831	0	160
2025.12.29	14:07:00	4387.889	4392.419	4387.452	4392.419	1592	0	160
2025.12.29	14:08:00	4392.397	4396.202	4388.195	4389.106	1363	0	160
2025.12.29	14:09:00	4389.196	4393.707	4389.196	4391.301	1240	0	160
2025.12.29	14:10:00	4391.250	4396.798	4389.411	4394.556	1158	0	160
2025.12.29	14:11:00	4394.509	4396.475	4389.987	4391.695	1119	0	160
2025.12.29	14:12:00	4391.653	4393.448	4387.429	4393.087	1216	0	160
2025.12.29	14:13:00	4393.200	4399.398	4392.967	4397.601	1015	0	160
2025.12.29	14:14:00	4397.643	4399.830	4396.341	4398.612	1001	0	160
2025.12.29	14:15:00	4398.645	4405.256	4396.696	4405.234	943	0	160
2025.12.29	14:16:00	4405.179	4405.542	4401.067	4401.364	1014	0	160
2025.12.29	14:17:00	4401.331	4403.654	4400.197	4403.334	913	0	160
2025.12.29	14:18:00	4403.381	4404.723	4394.612	4395.792	1006	0	160
2025.12.29	14:19:00	4395.772	4396.803	4391.885	4395.333	1022	0	160
2025.12.29	14:20:00	4395.294	4396.207	4393.165	4395.516	906	0	160
2025.12.29	14:21:00	4395.438	4397.042	4394.281	4396.198	799	0	160
2025.12.29	14:22:00	4396.233	4397.705	4389.787	4390.342	758	0	160
2025.12.29	14:23:00	4390.291	4394.330	4390.291	4393.237	890	0	160
2025.12.29	14:24:00	4393.212	4395.281	4388.818	4389.582	1130	0	160
2025.12.29	14:25:00	4389.506	4391.486	4386.411	4389.453	1127	0	160
2025.12.29	14:26:00	4389.475	4395.638	4388.573	4394.486	1100	0	160
2025.12.29	14:27:00	4394.382	4395.489	4390.458	4391.118	883	0	160
2025.12.29	14:28:00	4391.084	4394.307	4386.903	4393.918	981	0	160
2025.12.29	14:29:00	4393.980	4394.431	4389.559	4389.615	697	0	160
2025.12.29	14:30:00	4389.662	4390.055	4367.047	4369.678	2865	0	160
2025.12.29	14:31:00	4369.657	4374.028	4365.952	4372.471	2369	0	160
2025.12.29	14:32:00	4372.506	4375.699	4369.447	4375.446	1571	0	160
2025.12.29	14:33:00	4375.471	4379.361	4373.198	4376.227	1281	0	160
2025.12.29	14:34:00	4376.273	4381.983	4376.001	4381.183	1097	0	160
2025.12.29	14:35:00	4381.124	4386.819	4376.230	4386.456	1408	0	160
2025.12.29	14:36:00	4386.358	4388.571	4383.419	4383.492	1049	0	160
2025.12.29	14:37:00	4383.537	4384.933	4376.505	4376.840	1390	0	160
2025.12.29	14:38:00	4376.793	4379.130	4372.918	4374.207	1472	0	160
2025.12.29	14:39:00	4374.234	4379.333	4371.519	4372.071	1534	0	160
2025.12.29	14:40:00	4372.043	4372.043	4367.313	4368.971	1722	0	160
2025.12.29	14:41:00	4369.001	4370.174	4358.658	4361.553	1784	0	160
2025.12.29	14:42:00	4361.514	4362.749	4356.550	4360.856	1789	0	160
2025.12.29	14:43:00	4360.912	4365.778	4358.496	4365.778	1277	0	160
2025.12.29	14:44:00	4365.746	4374.300	4365.492	4373.539	921	0	160
2025.12.29	14:45:00	4373.486	4380.357	4373.173	4379.833	921	0	160
2025.12.29	14:46:00	4379.771	4383.765	4378.912	4382.745	1157	0	160
2025.12.29	14:47:00	4382.717	4384.669	4381.821	4382.731	1106	0	160
2025.12.29	14:48:00	4382.692	4384.413	4376.420	4376.420	1309	0	160
2025.12.29	14:49:00	4376.464	4378.598	4373.890	4376.963	1331	0	160
2025.12.29	14:50:00	4376.931	4379.290	4374.138	4378.599	1230	0	160
2025.12.29	14:51:00	4378.703	4378.703	4370.673	4370.673	1091	0	160
2025.12.29	14:52:00	4370.578	4376.065	4369.712	4370.669	1099	0	160
2025.12.29	14:53:00	4370.699	4375.333	4369.968	4374.171	1005	0	160
2025.12.29	14:54:00	4374.217	4374.764	4368.671	4369.095	884	0	160
2025.12.29	14:55:00	4369.018	4373.665	4367.066	4373.518	1168	0	160
2025.12.29	14:56:00	4373.569	4374.507	4367.048	4367.603	1198	0	160
2025.12.29	14:57:00	4367.571	4369.509	4362.605	4364.652	1180	0	160
2025.12.29	14:58:00	4364.600	4364.600	4358.783	4359.710	905	0	160
2025.12.29	14:59:00	4359.746	4362.723	4358.774	4360.413	691	0	160
2025.12.29	15:00:00	4360.356	4360.695	4346.987	4351.547	632	0	160
2025.12.29	15:01:00	4351.677	4354.112	4348.532	4350.098	461	0	160
2025.12.29	15:02:00	4350.147	4351.932	4339.401	4343.335	568	0	160
2025.12.29	15:03:00	4343.176	4344.975	4339.289	4342.453	1563	0	160
2025.12.29	15:04:00	4342.398	4342.649	4338.472	4341.607	1293	0	160
2025.12.29	15:05:00	4341.641	4346.651	4337.507	4339.176	1273	0	160
2025.12.29	15:06:00	4339.240	4342.919	4334.510	4335.607	1422	0	160
2025.12.29	15:07:00	4335.555	4337.092	4328.269	4328.879	1664	0	160
2025.12.29	15:08:00	4328.958	4335.540	4328.309	4334.217	1463	0	160
2025.12.29	15:09:00	4334.271	4344.784	4334.271	4343.816	1102	0	160
2025.12.29	15:10:00	4343.841	4344.028	4337.971	4341.322	1062	0	160
2025.12.29	15:11:00	4341.277	4341.822	4333.396	4335.783	1144	0	160
2025.12.29	15:12:00	4335.821	4344.261	4335.821	4341.357	1170	0	160
2025.12.29	15:13:00	4341.305	4344.622	4336.546	4344.622	1210	0	160
2025.12.29	15:14:00	4344.652	4345.628	4341.553	4342.690	1029	0	160
2025.12.29	15:15:00	4342.655	4342.704	4335.386	4335.519	1114	0	160
2025.12.29	15:16:00	4335.628	4335.862	4328.734	4329.455	1010	0	160
2025.12.29	15:17:00	4329.419	4335.514	4329.211	4333.283	1088	0	160
2025.12.29	15:18:00	4333.266	4337.162	4332.063	4332.907	1112	0	160
2025.12.29	15:19:00	4332.855	4334.359	4329.743	4332.054	1196	0	160
2025.12.29	15:20:00	4332.096	4333.593	4324.182	4324.703	1458	0	160
2025.12.29	15:21:00	4324.739	4325.413	4316.722	4316.999	1889	0	160
2025.12.29	15:22:00	4317.088	4318.342	4302.137	4313.755	2741	0	160
2025.12.29	15:23:00	4313.801	4314.684	4307.933	4312.061	1787	0	160
2025.12.29	15:24:00	4312.100	4316.146	4311.059	4315.811	1234	0	160
2025.12.29	15:25:00	4315.898	4323.356	4315.351	4323.356	1173	0	160
2025.12.29	15:26:00	4323.377	4325.481	4320.662	4324.573	987	0	160
2025.12.29	15:27:00	4324.610	4329.302	4323.773	4325.769	1040	0	160
2025.12.29	15:28:00	4325.813	4327.100	4322.656	4323.119	1103	0	160
2025.12.29	15:29:00	4323.080	4323.080	4317.565	4319.833	1080	0	160
2025.12.29	15:30:00	4319.715	4326.709	4317.959	4326.533	402	0	160
2025.12.29	15:31:00	4326.485	4326.485	4318.291	4321.633	434	0	160
2025.12.29	15:32:00	4321.467	4322.712	4316.537	4320.810	459	0	160
2025.12.29	15:33:00	4320.751	4324.805	4318.213	4323.590	1244	0	160
2025.12.29	15:34:00	4323.718	4328.670	4322.794	4328.211	980	0	160
2025.12.29	15:35:00	4328.165	4334.821	4325.043	4333.179	1267	0	160
2025.12.29	15:36:00	4333.116	4335.920	4329.782	4334.465	1163	0	160
2025.12.29	15:37:00	4334.528	4336.273	4331.745	4333.168	1148	0	160
2025.12.29	15:38:00	4333.124	4333.124	4327.091	4328.461	1131	0	160
2025.12.29	15:39:00	4328.421	4328.616	4324.703	4327.756	1117	0	160
2025.12.29	15:40:00	4327.697	4332.090	4326.210	4331.862	914	0	160
2025.12.29	15:41:00	4331.795	4331.851	4324.315	4325.145	930	0	160
2025.12.29	15:42:00	4325.111	4330.130	4324.869	4330.130	808	0	160
2025.12.29	15:43:00	4330.156	4336.855	4330.156	4334.891	933	0	160
2025.12.29	15:44:00	4334.820	4334.820	4330.997	4331.313	809	0	160
2025.12.29	15:45:00	4331.376	4338.616	4331.124	4338.568	882	0	160
2025.12.29	15:46:00	4338.685	4339.889	4333.869	4334.685	834	0	160
2025.12.29	15:47:00	4334.714	4336.103	4327.576	4328.062	1061	0	160
2025.12.29	15:48:00	4328.036	4330.998	4326.826	4329.727	858	0	160
2025.12.29	15:49:00	4329.662	4330.005	4327.330	4328.450	914	0	160
2025.12.29	15:50:00	4328.412	4330.950	4324.425	4325.588	921	0	160
2025.12.29	15:51:00	4325.621	4327.767	4323.443	4324.855	720	0	160
2025.12.29	15:52:00	4324.825	4329.272	4324.760	4327.168	852	0	160
2025.12.29	15:53:00	4327.129	4331.170	4326.348	4326.891	853	0	160
2025.12.29	15:54:00	4326.895	4328.027	4325.464	4325.830	570	0	160
2025.12.29	15:55:00	4325.775	4328.495	4323.327	4325.756	778	0	160
2025.12.29	15:56:00	4325.691	4326.453	4323.840	4325.187	742	0	160
2025.12.29	15:57:00	4325.142	4325.230	4322.453	4323.275	587	0	160
2025.12.29	15:58:00	4323.245	4330.027	4323.245	4328.332	942	0	160
2025.12.29	15:59:00	4328.260	4328.354	4325.138	4325.328	474	0	160
2025.12.29	16:00:00	4325.282	4328.743	4323.439	4328.636	825	0	160
2025.12.29	16:01:00	4328.667	4333.803	4328.446	4332.792	790	0	160
2025.12.29	16:02:00	4332.852	4337.438	4332.567	4332.591	848	0	160
2025.12.29	16:03:00	4332.524	4334.924	4331.072	4334.924	760	0	160
2025.12.29	16:04:00	4334.971	4338.615	4334.701	4336.394	815	0	160
2025.12.29	16:05:00	4336.428	4337.383	4330.458	4330.782	899	0	160
2025.12.29	16:06:00	4330.756	4334.884	4330.550	4332.802	679	0	160
2025.12.29	16:07:00	4332.894	4334.897	4331.892	4332.362	564	0	160
2025.12.29	16:08:00	4332.543	4337.255	4332.543	4336.439	530	0	160
2025.12.29	16:09:00	4336.478	4338.304	4335.758	4336.328	496	0	160
2025.12.29	16:10:00	4336.288	4339.512	4336.061	4336.926	581	0	160
2025.12.29	16:11:00	4337.000	4339.075	4336.239	4337.878	851	0	160
2025.12.29	16:12:00	4337.866	4342.733	4337.866	4339.722	857	0	160
2025.12.29	16:13:00	4339.751	4340.436	4333.195	4333.262	772	0	160
2025.12.29	16:14:00	4333.174	4333.882	4331.867	4333.882	681	0	160
2025.12.29	16:15:00	4333.949	4334.887	4328.768	4330.607	776	0	160
2025.12.29	16:16:00	4330.560	4330.560	4324.445	4325.095	754	0	160
2025.12.29	16:17:00	4325.180	4328.691	4324.924	4326.847	968	0	160
2025.12.29	16:18:00	4326.906	4327.612	4324.213	4326.096	896	0	160
2025.12.29	16:19:00	4326.031	4329.048	4325.064	4328.881	645	0	160
2025.12.29	16:20:00	4328.836	4331.453	4328.093	4330.571	726	0	160
2025.12.29	16:21:00	4330.546	4331.810	4327.828	4331.594	624	0	160
2025.12.29	16:22:00	4331.520	4335.643	4330.292	4334.922	717	0	160
2025.12.29	16:23:00	4334.950	4337.726	4334.319	4336.207	508	0	160
2025.12.29	16:24:00	4336.174	4337.521	4334.608	4334.749	609	0	160
2025.12.29	16:25:00	4334.726	4337.187	4332.752	4333.692	680	0	160
2025.12.29	16:26:00	4333.721	4334.703	4331.833	4332.762	796	0	160
2025.12.29	16:27:00	4332.792	4335.870	4330.963	4334.680	685	0	160
2025.12.29	16:28:00	4334.726	4335.570	4333.658	4335.268	433	0	160
2025.12.29	16:29:00	4335.255	4335.884	4333.418	4334.154	530	0	160
2025.12.29	16:30:00	4334.082	4337.289	4333.393	4336.697	564	0	160
2025.12.29	16:31:00	4336.634	4336.634	4333.354	4335.073	595	0	160
2025.12.29	16:32:00	4335.041	4336.277	4333.981	4335.342	631	0	160
2025.12.29	16:33:00	4335.399	4336.001	4333.783	4336.001	599	0	160
2025.12.29	16:34:00	4335.965	4338.008	4335.119	4336.425	647	0	160
2025.12.29	16:35:00	4336.460	4339.991	4335.027	4337.631	644	0	160
2025.12.29	16:36:00	4337.671	4338.247	4334.759	4335.609	522	0	160
2025.12.29	16:37:00	4335.634	4338.036	4335.013	4337.701	509	0	160
2025.12.29	16:38:00	4337.666	4341.009	4337.465	4341.009	394	0	160
2025.12.29	16:39:00	4341.035	4342.190	4338.950	4340.714	687	0	160
2025.12.29	16:40:00	4340.680	4342.459	4336.510	4336.840	682	0	160
2025.12.29	16:41:00	4336.859	4337.429	4334.060	4335.324	474	0	160
2025.12.29	16:42:00	4335.297	4335.546	4328.854	4332.632	629	0	160
2025.12.29	16:43:00	4332.550	4334.642	4332.451	4333.420	692	0	160
2025.12.29	16:44:00	4333.465	4335.975	4333.434	4334.960	554	0	160
2025.12.29	16:45:00	4334.842	4337.830	4334.463	4336.945	629	0	160
2025.12.29	16:46:00	4336.983	4339.199	4336.696	4337.590	647	0	160
2025.12.29	16:47:00	4337.550	4337.967	4335.804	4337.295	615	0	160
2025.12.29	16:48:00	4337.263	4339.066	4337.041	4339.033	554	0	160
2025.12.29	16:49:00	4339.057	4339.715	4337.188	4338.167	522	0	160
2025.12.29	16:50:00	4338.084	4339.440	4336.619	4336.645	521	0	160
2025.12.29	16:51:00	4336.677	4338.964	4336.006	4338.244	455	0	160
2025.12.29	16:52:00	4338.199	4341.348	4338.199	4340.713	499	0	160
2025.12.29	16:53:00	4340.597	4342.168	4338.774	4341.805	426	0	160
2025.12.29	16:54:00	4341.771	4346.016	4341.771	4345.630	677	0	160
2025.12.29	16:55:00	4345.660	4347.493	4344.496	4344.595	625	0	160
2025.12.29	16:56:00	4344.553	4344.936	4343.556	4344.277	441	0	160
2025.12.29	16:57:00	4344.280	4347.210	4343.346	4346.930	588	0	160
2025.12.29	16:58:00	4346.970	4347.549	4344.067	4344.466	610	0	160
2025.12.29	16:59:00	4344.544	4347.089	4341.146	4341.805	697	0	160
2025.12.29	17:00:00	4341.841	4343.049	4340.012	4340.803	770	0	160
2025.12.29	17:01:00	4340.830	4343.111	4340.008	4340.939	761	0	160
2025.12.29	17:02:00	4340.920	4341.779	4337.710	4338.963	687	0	160
2025.12.29	17:03:00	4338.896	4341.417	4338.529	4339.188	503	0	160
2025.12.29	17:04:00	4339.241	4339.901	4337.147	4339.811	573	0	160
2025.12.29	17:05:00	4339.717	4340.149	4335.768	4336.522	663	0	160
2025.12.29	17:06:00	4336.563	4336.563	4331.726	4332.631	739	0	160
2025.12.29	17:07:00	4332.603	4334.735	4332.114	4333.704	573	0	160
2025.12.29	17:08:00	4333.761	4334.121	4331.232	4331.873	516	0	160
2025.12.29	17:09:00	4331.839	4333.625	4329.928	4330.524	594	0	160
2025.12.29	17:10:00	4330.520	4330.542	4328.586	4330.144	505	0	160
2025.12.29	17:11:00	4330.117	4332.088	4329.124	4330.215	661	0	160
2025.12.29	17:12:00	4330.184	4332.774	4326.574	4327.309	735	0	160
2025.12.29	17:13:00	4327.348	4329.433	4325.882	4329.239	614	0	160
2025.12.29	17:14:00	4329.250	4331.390	4328.883	4330.252	513	0	160
2025.12.29	17:15:00	4330.277	4332.569	4328.544	4332.177	536	0	160
2025.12.29	17:16:00	4332.227	4333.393	4330.175	4331.779	535	0	160
2025.12.29	17:17:00	4331.850	4333.506	4329.655	4332.455	427	0	160
2025.12.29	17:18:00	4332.418	4333.168	4330.592	4331.403	472	0	160
2025.12.29	17:19:00	4331.360	4333.107	4331.149	4332.159	412	0	160
2025.12.29	17:20:00	4332.131	4332.724	4327.795	4327.985	669	0	160
2025.12.29	17:21:00	4327.929	4330.059	4327.306	4329.017	382	0	160
2025.12.29	17:22:00	4328.904	4329.975	4328.162	4329.106	315	0	160
2025.12.29	17:23:00	4329.014	4329.899	4327.568	4328.267	312	0	160
2025.12.29	17:24:00	4328.232	4328.239	4325.284	4325.736	403	0	160
2025.12.29	17:25:00	4325.743	4325.743	4323.659	4324.190	464	0	160
2025.12.29	17:26:00	4324.219	4325.614	4322.526	4324.572	445	0	160
2025.12.29	17:27:00	4324.641	4327.059	4324.641	4326.570	502	0	160
2025.12.29	17:28:00	4326.614	4328.856	4325.991	4327.447	471	0	160
2025.12.29	17:29:00	4327.489	4329.497	4326.669	4329.137	400	0	160
2025.12.29	17:30:00	4329.189	4329.827	4326.640	4326.640	455	0	160
2025.12.29	17:31:00	4326.728	4327.003	4324.786	4325.942	500	0	160
2025.12.29	17:32:00	4325.971	4327.760	4324.840	4327.444	431	0	160
2025.12.29	17:33:00	4327.492	4329.662	4327.237	4329.412	353	0	160
2025.12.29	17:34:00	4329.392	4329.392	4326.723	4327.771	370	0	160
2025.12.29	17:35:00	4327.837	4328.125	4324.925	4325.892	419	0	160
2025.12.29	17:36:00	4325.935	4327.483	4324.533	4325.755	490	0	160
2025.12.29	17:37:00	4325.814	4325.838	4323.300	4323.332	409	0	160
2025.12.29	17:38:00	4323.311	4324.917	4316.018	4316.506	904	0	160
2025.12.29	17:39:00	4316.412	4318.787	4315.845	4316.927	802	0	160
2025.12.29	17:40:00	4316.961	4320.927	4314.689	4320.362	733	0	160
2025.12.29	17:41:00	4320.414	4322.557	4319.123	4319.501	558	0	160
2025.12.29	17:42:00	4319.476	4320.755	4317.448	4320.496	707	0	160
2025.12.29	17:43:00	4320.387	4320.722	4318.286	4319.795	552	0	160
2025.12.29	17:44:00	4319.757	4320.672	4318.961	4319.614	405	0	160
2025.12.29	17:45:00	4319.565	4323.181	4319.364	4322.282	472	0	160
2025.12.29	17:46:00	4322.268	4325.092	4322.214	4323.615	528	0	160
2025.12.29	17:47:00	4323.727	4324.820	4323.285	4324.489	393	0	160
2025.12.29	17:48:00	4324.537	4325.438	4321.917	4322.165	426	0	160
2025.12.29	17:49:00	4322.120	4323.871	4321.923	4323.342	322	0	160
2025.12.29	17:50:00	4323.306	4324.660	4321.757	4324.401	365	0	160
2025.12.29	17:51:00	4324.436	4325.648	4323.360	4323.907	375	0	160
2025.12.29	17:52:00	4323.853	4324.364	4321.861	4322.382	463	0	160
2025.12.29	17:53:00	4322.408	4323.191	4320.810	4322.332	444	0	160
2025.12.29	17:54:00	4322.216	4323.030	4321.121	4321.175	503	0	160
2025.12.29	17:55:00	4321.164	4322.885	4320.648	4321.745	491	0	160
2025.12.29	17:56:00	4321.705	4325.024	4321.705	4324.511	326	0	160
2025.12.29	17:57:00	4324.553	4328.440	4323.494	4328.273	617	0	160
2025.12.29	17:58:00	4328.229	4329.331	4328.145	4328.996	576	0	160
2025.12.29	17:59:00	4329.039	4329.116	4327.088	4328.092	545	0	160
2025.12.29	18:00:00	4328.060	4330.390	4328.060	4329.629	432	0	160
2025.12.29	18:01:00	4329.565	4331.925	4328.953	4330.953	412	0	160
2025.12.29	18:02:00	4330.985	4331.610	4329.167	4330.406	498	0	160
2025.12.29	18:03:00	4330.349	4332.663	4329.720	4332.256	379	0	160
2025.12.29	18:04:00	4332.287	4332.871	4329.965	4331.307	428	0	160
2025.12.29	18:05:00	4331.354	4331.419	4329.028	4330.013	545	0	160
2025.12.29	18:06:00	4330.038	4330.608	4327.525	4328.358	568	0	160
2025.12.29	18:07:00	4328.316	4329.735	4326.276	4329.574	560	0	160
2025.12.29	18:08:00	4329.616	4333.523	4329.485	4332.723	519	0	160
2025.12.29	18:09:00	4332.686	4332.808	4329.349	4330.837	487	0	160
2025.12.29	18:10:00	4330.869	4331.532	4325.838	4328.721	696	0	160
2025.12.29	18:11:00	4328.674	4331.340	4327.538	4331.340	514	0	160
2025.12.29	18:12:00	4331.306	4332.305	4330.484	4331.801	447	0	160
2025.12.29	18:13:00	4331.828	4332.052	4329.926	4331.362	477	0	160
2025.12.29	18:14:00	4331.332	4331.781	4328.979	4329.360	445	0	160
2025.12.29	18:15:00	4329.461	4331.510	4329.197	4330.939	446	0	160
2025.12.29	18:16:00	4330.979	4332.446	4330.217	4331.309	401	0	160
2025.12.29	18:17:00	4331.417	4332.399	4330.484	4331.778	428	0	160
2025.12.29	18:18:00	4331.820	4332.204	4329.384	4330.133	518	0	160
2025.12.29	18:19:00	4330.170	4331.298	4329.071	4329.249	358	0	160
2025.12.29	18:20:00	4329.236	4332.139	4328.716	4331.209	558	0	160
2025.12.29	18:21:00	4331.169	4331.259	4326.554	4329.679	673	0	160
2025.12.29	18:22:00	4329.635	4330.462	4327.473	4330.020	627	0	160
2025.12.29	18:23:00	4329.976	4330.592	4327.481	4328.259	929	0	160
2025.12.29	18:24:00	4328.320	4332.492	4328.144	4331.592	1136	0	160
2025.12.29	18:25:00	4331.541	4335.007	4329.951	4330.506	1000	0	160
2025.12.29	18:26:00	4330.550	4331.134	4328.328	4329.131	623	0	160
2025.12.29	18:27:00	4329.091	4329.254	4325.187	4325.881	729	0	160
2025.12.29	18:28:00	4325.914	4326.364	4323.485	4325.427	745	0	160
2025.12.29	18:29:00	4325.380	4328.547	4322.894	4327.898	995	0	160
2025.12.29	18:30:00	4327.871	4329.436	4326.368	4328.881	636	0	160
2025.12.29	18:31:00	4328.900	4332.224	4327.943	4331.962	489	0	160
2025.12.29	18:32:00	4331.911	4332.037	4329.610	4330.052	371	0	160
2025.12.29	18:33:00	4330.160	4331.647	4329.866	4331.511	351	0	160
2025.12.29	18:34:00	4331.493	4331.821	4327.592	4329.160	471	0	160
2025.12.29	18:35:00	4329.191	4332.608	4329.095	4332.263	467	0	160
2025.12.29	18:36:00	4332.215	4332.215	4329.560	4330.520	312	0	160
2025.12.29	18:37:00	4330.476	4334.361	4330.071	4333.342	541	0	160
2025.12.29	18:38:00	4333.262	4334.057	4331.459	4331.760	356	0	160
2025.12.29	18:39:00	4331.879	4333.278	4331.388	4331.592	322	0	160
2025.12.29	18:40:00	4331.547	4332.213	4331.004	4331.886	237	0	160
2025.12.29	18:41:00	4331.914	4333.186	4331.554	4331.605	270	0	160
2025.12.29	18:42:00	4331.603	4333.499	4331.526	4332.386	309	0	160
2025.12.29	18:43:00	4332.416	4332.688	4331.045	4331.371	199	0	160
2025.12.29	18:44:00	4331.343	4331.343	4328.631	4330.521	300	0	160
2025.12.29	18:45:00	4330.558	4332.082	4329.392	4331.442	210	0	160
2025.12.29	18:46:00	4331.417	4332.361	4330.773	4331.497	220	0	160
2025.12.29	18:47:00	4331.479	4332.154	4330.712	4331.301	224	0	160
2025.12.29	18:48:00	4331.287	4331.877	4331.282	4331.560	176	0	160
2025.12.29	18:49:00	4331.549	4331.692	4328.651	4328.795	171	0	160
2025.12.29	18:50:00	4328.745	4329.655	4327.992	4329.287	191	0	160
2025.12.29	18:51:00	4329.253	4331.067	4329.187	4329.616	298	0	160
2025.12.29	18:52:00	4329.649	4330.241	4328.701	4329.462	237	0	160
2025.12.29	18:53:00	4329.493	4331.141	4328.744	4330.728	297	0	160
2025.12.29	18:54:00	4330.767	4331.166	4329.643	4329.864	183	0	160
2025.12.29	18:55:00	4329.867	4331.383	4329.509	4330.586	258	0	160
2025.12.29	18:56:00	4330.642	4331.127	4330.428	4330.821	175	0	160
2025.12.29	18:57:00	4330.901	4331.065	4329.589	4330.187	176	0	160
2025.12.29	18:58:00	4330.098	4331.149	4330.069	4331.149	167	0	160
2025.12.29	18:59:00	4331.183	4331.878	4330.717	4331.405	263	0	160
2025.12.29	19:00:00	4331.441	4333.025	4329.925	4330.499	353	0	160
2025.12.29	19:01:00	4330.417	4330.432	4327.888	4329.749	396	0	160
2025.12.29	19:02:00	4329.770	4330.009	4328.457	4329.848	233	0	160
2025.12.29	19:03:00	4329.780	4331.232	4329.108	4330.374	257	0	160
2025.12.29	19:04:00	4330.422	4331.063	4329.530	4331.052	179	0	160
2025.12.29	19:05:00	4331.071	4331.973	4330.081	4330.081	201	0	160
2025.12.29	19:06:00	4330.107	4330.107	4328.808	4329.641	195	0	160
2025.12.29	19:07:00	4329.663	4329.741	4328.360	4328.789	207	0	160
2025.12.29	19:08:00	4328.784	4329.734	4327.709	4329.677	271	0	160
2025.12.29	19:09:00	4329.716	4330.428	4329.062	4329.386	235	0	160
2025.12.29	19:10:00	4329.289	4329.573	4328.339	4329.010	141	0	160
2025.12.29	19:11:00	4329.014	4331.080	4328.820	4331.080	250	0	160
2025.12.29	19:12:00	4331.038	4331.339	4330.452	4330.914	167	0	160
2025.12.29	19:13:00	4331.024	4333.072	4330.246	4332.958	212	0	160
2025.12.29	19:14:00	4332.962	4335.834	4332.700	4335.308	466	0	160
2025.12.29	19:15:00	4335.341	4336.298	4334.279	4334.823	335	0	160
2025.12.29	19:16:00	4334.830	4336.000	4334.283	4335.797	235	0	160
2025.12.29	19:17:00	4335.843	4336.707	4334.769	4334.811	286	0	160
2025.12.29	19:18:00	4334.845	4335.133	4332.263	4332.990	382	0	160
2025.12.29	19:19:00	4332.970	4334.783	4332.604	4333.697	410	0	160
2025.12.29	19:20:00	4333.735	4334.853	4333.594	4333.594	229	0	160
2025.12.29	19:21:00	4333.528	4334.775	4333.528	4334.066	197	0	160
2025.12.29	19:22:00	4334.050	4334.994	4333.512	4333.721	239	0	160
2025.12.29	19:23:00	4333.691	4333.995	4331.453	4331.473	225	0	160
2025.12.29	19:24:00	4331.441	4331.771	4330.075	4330.217	185	0	160
2025.12.29	19:25:00	4330.205	4330.818	4328.538	4329.313	381	0	160
2025.12.29	19:26:00	4329.270	4330.934	4328.523	4330.774	296	0	160
2025.12.29	19:27:00	4330.774	4331.530	4329.638	4330.969	292	0	160
2025.12.29	19:28:00	4331.042	4332.491	4330.767	4331.830	205	0	160
2025.12.29	19:29:00	4331.817	4331.982	4330.230	4330.599	179	0	160
2025.12.29	19:30:00	4330.590	4332.276	4330.411	4331.906	209	0	160
2025.12.29	19:31:00	4331.851	4334.203	4331.776	4332.530	314	0	160
2025.12.29	19:32:00	4332.467	4334.318	4332.137	4333.434	238	0	160
2025.12.29	19:33:00	4333.392	4334.224	4333.033	4333.917	241	0	160
2025.12.29	19:34:00	4333.897	4335.661	4333.717	4334.835	216	0	160
2025.12.29	19:35:00	4334.812	4335.351	4334.463	4334.647	187	0	160
2025.12.29	19:36:00	4334.623	4335.783	4334.488	4335.150	191	0	160
2025.12.29	19:37:00	4335.142	4335.805	4334.666	4335.025	163	0	160
2025.12.29	19:38:00	4335.081	4335.081	4333.651	4333.905	185	0	160
2025.12.29	19:39:00	4333.892	4334.294	4333.248	4333.248	185	0	160
2025.12.29	19:40:00	4333.212	4333.828	4331.333	4331.651	263	0	160
2025.12.29	19:41:00	4331.639	4331.727	4330.310	4331.066	195	0	160
2025.12.29	19:42:00	4331.077	4332.230	4331.077	4331.746	162	0	160
2025.12.29	19:43:00	4331.683	4332.632	4331.245	4332.588	161	0	160
2025.12.29	19:44:00	4332.605	4333.908	4332.281	4332.281	210	0	160
2025.12.29	19:45:00	4332.330	4332.771	4331.477	4332.530	193	0	160
2025.12.29	19:46:00	4332.468	4333.877	4332.364	4333.363	154	0	160
2025.12.29	19:47:00	4333.419	4333.762	4332.476	4332.805	178	0	160
2025.12.29	19:48:00	4332.801	4333.041	4331.991	4332.402	188	0	160
2025.12.29	19:49:00	4332.416	4333.209	4331.469	4331.701	236	0	160
2025.12.29	19:50:00	4331.725	4332.460	4331.520	4332.261	183	0	160
2025.12.29	19:51:00	4332.304	4332.775	4331.442	4331.467	236	0	160
2025.12.29	19:52:00	4331.431	4332.851	4331.143	4332.401	225	0	160
2025.12.29	19:53:00	4332.445	4333.594	4332.287	4333.220	180	0	160
2025.12.29	19:54:00	4333.228	4333.730	4332.518	4332.700	165	0	160
2025.12.29	19:55:00	4332.738	4335.523	4332.291	4334.533	239	0	160
2025.12.29	19:56:00	4334.507	4336.442	4334.307	4335.872	271	0	160
2025.12.29	19:57:00	4335.906	4337.893	4335.906	4337.409	225	0	160
2025.12.29	19:58:00	4337.457	4337.457	4335.200	4336.383	318	0	160
2025.12.29	19:59:00	4336.443	4337.968	4336.443	4336.993	252	0	160
2025.12.29	20:00:00	4337.018	4339.082	4336.554	4338.106	229	0	160
2025.12.29	20:01:00	4338.091	4339.219	4338.091	4338.778	238	0	160
2025.12.29	20:02:00	4338.906	4340.564	4338.473	4340.314	304	0	160
2025.12.29	20:03:00	4340.355	4341.814	4339.936	4341.461	348	0	160
2025.12.29	20:04:00	4341.421	4343.522	4340.653	4343.131	389	0	160
2025.12.29	20:05:00	4343.094	4343.648	4342.643	4343.532	255	0	160
2025.12.29	20:06:00	4343.541	4344.679	4342.007	4342.312	474	0	160
2025.12.29	20:07:00	4342.399	4343.497	4340.084	4340.528	283	0	160
2025.12.29	20:08:00	4340.507	4341.005	4339.579	4340.676	199	0	160
2025.12.29	20:09:00	4340.568	4340.783	4338.035	4339.671	292	0	160
2025.12.29	20:10:00	4339.640	4340.642	4338.588	4339.774	279	0	160
2025.12.29	20:11:00	4339.843	4340.695	4338.256	4340.195	341	0	160
2025.12.29	20:12:00	4340.151	4340.682	4339.622	4340.455	188	0	160
2025.12.29	20:13:00	4340.516	4342.883	4340.516	4341.734	343	0	160
2025.12.29	20:14:00	4341.738	4343.041	4341.304	4342.457	289	0	160
2025.12.29	20:15:00	4342.497	4342.781	4339.285	4339.508	318	0	160
2025.12.29	20:16:00	4339.551	4341.320	4339.551	4340.606	257	0	160
2025.12.29	20:17:00	4340.603	4342.492	4340.068	4342.492	221	0	160
2025.12.29	20:18:00	4342.475	4342.729	4339.641	4340.758	300	0	160
2025.12.29	20:19:00	4340.727	4342.301	4340.506	4341.970	167	0	160
2025.12.29	20:20:00	4341.983	4342.121	4340.091	4340.647	233	0	160
2025.12.29	20:21:00	4340.633	4341.007	4339.288	4339.466	243	0	160
2025.12.29	20:22:00	4339.527	4339.903	4337.251	4338.129	279	0	160
2025.12.29	20:23:00	4338.160	4339.124	4338.068	4338.730	203	0	160
2025.12.29	20:24:00	4338.709	4339.215	4337.078	4337.572	236	0	160
2025.12.29	20:25:00	4337.535	4340.343	4337.303	4339.872	223	0	160
2025.12.29	20:26:00	4339.876	4340.771	4339.442	4339.614	211	0	160
2025.12.29	20:27:00	4339.706	4341.202	4339.372	4340.889	180	0	160
2025.12.29	20:28:00	4340.916	4341.205	4340.181	4340.276	140	0	160
2025.12.29	20:29:00	4340.250	4340.803	4339.879	4340.625	160	0	160
2025.12.29	20:30:00	4340.651	4341.559	4339.385	4339.385	228	0	160
2025.12.29	20:31:00	4339.412	4339.560	4338.535	4339.547	190	0	160
2025.12.29	20:32:00	4339.591	4340.044	4338.975	4339.734	143	0	160
2025.12.29	20:33:00	4339.734	4339.734	4338.853	4339.223	65	0	160
